full_name,age,birthday,birthday_GMT,league,season,position,Current Club,minutes_played_overall,minutes_played_home,minutes_played_away,nationality,appearances_overall,appearances_home,appearances_away,goals_overall,goals_home,goals_away,assists_overall,assists_home,assists_away,penalty_goals,penalty_misses,clean_sheets_overall,clean_sheets_home,clean_sheets_away,conceded_overall,conceded_home,conceded_away,yellow_cards_overall,red_cards_overall,goals_involved_per_90_overall,assists_per_90_overall,goals_per_90_overall,goals_per_90_home,goals_per_90_away,min_per_goal_overall,conceded_per_90_overall,min_per_conceded_overall,min_per_match,min_per_card_overall,min_per_assist_overall,cards_per_90_overall,rank_in_league_top_attackers,rank_in_league_top_midfielders,rank_in_league_top_defenders,rank_in_club_top_scorer
Abdelmalek Cherrad,40,348278400,1981/01/14,Liga NOS,2010/2011,Forward,CS Marítimo,110,0,110,Algeria,4,0,4,0,0,0,0,0,0,0,0,1,0,1,2,0,2,1,0,0,0,0,0,0,0,1.64,55,28,110,0,0.82,-1,-1,-1,19
Abel Fernando Moreira Ferreira,42,283132800,1978/12/22,Liga NOS,2010/2011,Defender,Sporting CP,883,358,525,Portugal,12,4,8,2,1,1,0,0,0,0,0,3,2,1,12,6,6,1,0,0.2,0,0.2,0.25,0.17,442,1.22,74,74,883,0,0.1,77,168,84,9
Adama François Sene,31,628387200,1989/11/30,Liga NOS,2010/2011,Defender,Vitória Setúbal,584,274,310,Senegal,10,5,5,0,0,0,0,0,0,0,0,3,1,2,6,3,3,3,0,0,0,0,0,0,0,0.92,97,58,195,0,0.46,279,175,40,19
Adeval Ignácio Pereira Júnior,33,567993600,1988/01/01,Liga NOS,2010/2011,Midfielder,Associação Académica de Coimbra OAF,190,83,107,Brazil,13,5,8,0,0,0,0,0,0,0,0,2,1,1,5,1,4,1,0,0,0,0,0,0,0,2.37,38,15,190,0,0.47,-1,-1,-1,21
Adilson Tibes Granemann,39,378691200,1982/01/01,Liga NOS,2010/2011,Forward,SC Olhanense,615,284,331,Brazil,14,6,8,1,1,0,0,0,0,0,0,5,1,4,3,1,2,1,0,0.15,0,0.15,0.32,0,615,0.44,205,44,615,0,0.15,97,239,-1,9
Adrien Sebastian Perruchet Silva,32,605923200,1989/03/15,Liga NOS,2010/2011,Midfielder,Associação Académica de Coimbra OAF,411,141,270,Portugal,6,3,3,1,0,1,0,0,0,0,0,2,1,1,7,2,5,2,0,0.22,0,0.22,0,0.33,411,1.53,59,69,206,0,0.44,67,125,-1,9
Airton Ribeiro Santos,31,635558400,1990/02/21,Liga NOS,2010/2011,Midfielder,Benfica,753,356,397,Brazil,15,6,9,0,0,0,0,0,0,0,0,8,3,5,7,3,4,5,0,0,0,0,0,0,0,0.84,108,50,151,0,0.6,297,75,-1,19
Alan Kardec de Souza Pereira Junior,32,600566400,1989/01/12,Liga NOS,2010/2011,Forward,Benfica,811,428,383,Brazil,12,6,6,3,2,1,0,0,0,0,0,4,3,1,10,2,8,0,0,0.33,0,0.33,0.42,0.23,270,1.11,81,68,0,0,0,31,102,-1,10
Alan Osório da Costa Silva,41,306547200,1979/09/19,Liga NOS,2010/2011,Forward,Sporting Braga,2124,1033,1091,Portugal,27,13,14,5,1,4,0,0,0,1,0,8,4,4,27,12,15,5,1,0.21,0,0.21,0.09,0.33,425,1.14,79,79,354,0,0.25,72,228,-1,3
Albert Meyong Zé,40,340761600,1980/10/19,Liga NOS,2010/2011,Forward,Sporting Braga,428,269,159,Cameroon,15,7,8,3,2,1,0,0,0,1,0,6,2,4,3,3,0,0,0,0.63,0,0.63,0.67,0.57,143,0.63,143,29,0,0,0,6,223,-1,6
Alberto Junior Rodríguez Valdelomar,37,449539200,1984/03/31,Liga NOS,2010/2011,Defender,Sporting Braga,1527,810,717,Peru,18,9,9,0,0,0,0,0,0,0,0,6,3,3,22,11,11,5,0,0,0,0,0,0,0,1.3,69,85,305,0,0.29,337,172,102,23
Alberto Zapater Arjol,36,487468800,1985/06/13,Liga NOS,2010/2011,Midfielder,Sporting CP,1365,666,699,Spain,22,11,11,2,0,2,0,0,0,0,0,8,4,4,13,7,6,4,0,0.13,0,0.13,0,0.26,683,0.86,105,62,341,0,0.26,102,329,-1,10
Alex Bruno Costa Fernandes,39,389750400,1982/05/09,Liga NOS,2010/2011,Defender,CD Nacional,0,0,0,Brazil,0,0,0,0,0,0,0,0,0,0,0,0,0,0,0,0,0,0,0,0,0,0,0,0,0,0,0,0,0,0,0,-1,-1,-1,-1
Alexandre Hauw,39,380505600,1982/01/22,Liga NOS,2010/2011,Midfielder,Naval 1º de Maio,868,426,442,France,13,6,7,0,0,0,0,0,0,0,0,2,1,1,16,6,10,3,1,0,0,0,0,0,0,1.66,54,67,217,0,0.41,244,212,-1,24
Alexsandro Carvalho Lopes,36,483667200,1985/04/30,Liga NOS,2010/2011,Midfielder,SC Beira-Mar,136,104,32,Brazil,5,4,1,1,1,0,0,0,0,0,0,0,0,0,1,1,0,2,0,0.66,0,0.66,0.87,0,136,0.66,136,27,68,0,1.32,-1,-1,-1,7
Alhassan Wakaso,29,694742400,1992/01/07,Liga NOS,2010/2011,Midfielder,Portimonense,103,97,6,Ghana,4,3,1,0,0,0,0,0,0,0,0,2,1,1,1,1,0,0,0,0,0,0,0,0,0,0.87,103,26,0,0,0,-1,-1,-1,30
Alonso Ferreira de Matos,40,334800000,1980/08/11,Liga NOS,2010/2011,Defender,CS Marítimo,1533,740,793,Brazil,22,10,12,0,0,0,0,0,0,0,0,4,2,2,23,11,12,11,2,0,0,0,0,0,0,1.35,67,70,128,0,0.7,276,246,108,28
Álvaro Daniel Pereira Barragán,35,501984000,1985/11/28,Liga NOS,2010/2011,Defender,Porto,1890,900,990,Uruguay,21,10,11,0,0,0,0,0,0,0,0,14,5,9,11,9,2,6,0,0,0,0,0,0,0,0.52,172,90,315,0,0.29,250,198,9,23
Álvaro Ricardo Faustino Gomes,30,652320000,1990/09/03,Liga NOS,2010/2011,Midfielder,Paços de Ferreira,13,13,0,Portugal,1,1,0,0,0,0,0,0,0,0,0,0,0,0,1,1,0,0,0,0,0,0,0,0,0,6.92,13,13,0,0,0,-1,-1,-1,26
Amaury Armindo Bischoff,34,544147200,1987/03/31,Liga NOS,2010/2011,Midfielder,Associação Académica de Coimbra OAF,455,266,189,Portugal,9,5,4,0,0,0,0,0,0,0,0,1,1,0,7,2,5,2,0,0,0,0,0,0,0,1.38,65,51,228,0,0.4,197,31,-1,16
Ânderson Corrêa Polga,42,287366400,1979/02/09,Liga NOS,2010/2011,Defender,Sporting CP,1757,857,900,Brazil,20,10,10,0,0,0,0,0,0,0,0,8,4,4,18,11,7,4,0,0,0,0,0,0,0,0.92,98,88,439,0,0.2,261,321,39,20
Ânderson Luís da Silva,40,350870400,1981/02/13,Liga NOS,2010/2011,Defender,Benfica,2036,888,1148,Brazil,23,10,13,1,1,0,0,0,0,0,0,12,6,6,19,7,12,8,2,0.04,0,0.04,0.1,0,2036,0.84,107,89,226,0,0.4,182,27,27,13
Anderson Santana dos Santos,35,514684800,1986/04/24,Liga NOS,2010/2011,Defender,Vitória Guimarães,360,90,270,Brazil,4,1,3,0,0,0,0,0,0,0,0,2,1,1,5,0,5,4,0,0,0,0,0,0,0,1.25,72,90,90,0,1,201,36,89,22
André Almeida Pinto,31,623548800,1989/10/05,Liga NOS,2010/2011,Defender,Portimonense,2340,1080,1260,Portugal,26,12,14,2,1,1,0,0,0,0,0,3,1,2,40,20,20,11,0,0.08,0,0.08,0.08,0.07,1170,1.54,59,90,213,0,0.42,141,218,123,6
André de Castro Pereira,33,575942400,1988/04/02,Liga NOS,2010/2011,Midfielder,Porto,14,14,0,Portugal,1,1,0,0,0,0,0,0,0,0,0,1,1,0,0,0,0,0,0,0,0,0,0,0,0,0,0,14,0,0,0,-1,-1,-1,14
André Filipe Aguiar Dias,29,703555200,1992/04/18,Liga NOS,2010/2011,Defender,Rio Ave FC,2,0,2,Portugal,1,0,1,0,0,0,0,0,0,0,0,0,0,0,0,0,0,0,0,0,0,0,0,0,0,0,0,2,0,0,0,-1,-1,-1,25
Andre Filipe Alves Monteiro,33,574473600,1988/03/16,Liga NOS,2010/2011,Forward,Sporting Braga,957,518,439,Portugal,14,8,6,2,2,0,0,0,0,0,0,7,4,3,6,4,2,1,0,0.19,0,0.19,0.35,0,479,0.56,160,68,957,0,0.09,81,315,-1,11
André Filipe Bernardes Santos,32,604800000,1989/03/02,Liga NOS,2010/2011,Midfielder,Sporting CP,2242,1215,1027,Portugal,26,14,12,2,0,2,0,0,0,0,0,10,6,4,26,15,11,7,1,0.08,0,0.08,0,0.18,1121,1.04,86,86,320,0,0.28,147,330,-1,8
André Filipe Farías Marques,34,554774400,1987/08/01,Liga NOS,2010/2011,Defender,SC Beira-Mar,1012,566,446,Portugal,14,8,6,0,0,0,0,0,0,0,0,3,2,1,14,6,8,5,0,0,0,0,0,0,0,1.25,72,72,202,0,0.44,238,107,88,16
André Filipe Guerreiro Artífice Lima,29,703296000,1992/04/15,Liga NOS,2010/2011,Forward,SC Olhanense,0,0,0,Portugal,0,0,0,0,0,0,0,0,0,0,0,0,0,0,0,0,0,0,0,0,0,0,0,0,0,0,0,0,0,0,0,-1,-1,-1,-1
André Filipe Monteiro Vilas Boas,38,423532800,1983/06/04,Liga NOS,2010/2011,Defender,Portimonense,218,90,128,Portugal,4,1,3,0,0,0,0,0,0,0,0,0,0,0,1,1,0,0,0,0,0,0,0,0,0,0.41,218,55,0,0,0,-1,-1,-1,21
André Filipe Ribeiro Leão,36,485395200,1985/05/20,Liga NOS,2010/2011,Midfielder,Paços de Ferreira,2051,1175,876,Portugal,25,14,11,1,1,0,0,0,0,0,0,8,5,3,23,13,10,11,0,0.04,0,0.04,0.08,0,2051,1.01,89,82,186,0,0.48,187,309,-1,10
André Gabriel Matias,33,558316800,1987/09/11,Liga NOS,2010/2011,Forward,SC Olhanense,0,0,0,Portugal,0,0,0,0,0,0,0,0,0,0,0,0,0,0,0,0,0,0,0,0,0,0,0,0,0,0,0,0,0,0,0,-1,-1,-1,-1
André Micael Pereira,32,602553600,1989/02/04,Liga NOS,2010/2011,Defender,SC Olhanense,389,158,231,Portugal,5,2,3,0,0,0,0,0,0,0,0,2,0,2,4,3,1,0,0,0,0,0,0,0,0,0.93,97,78,0,0,0,220,115,42,17
Andrés David Madrid,40,365212800,1981/07/29,Liga NOS,2010/2011,Midfielder,Sporting Braga,164,102,62,Argentina,5,3,2,0,0,0,0,0,0,0,0,1,1,0,3,1,2,1,0,0,0,0,0,0,0,1.65,55,33,164,0,0.55,-1,-1,-1,24
Aníbal Araújo Capela,30,673660800,1991/05/08,Liga NOS,2010/2011,Defender,Sporting Braga,56,56,0,Portugal,1,1,0,0,0,0,0,0,0,0,0,0,0,0,2,2,0,0,0,0,0,0,0,0,0,3.21,28,56,0,0,0,-1,-1,-1,19
Anselmo França Almeida,40,360979200,1981/06/10,Liga NOS,2010/2011,Defender,SC Olhanense,423,256,167,Brazil,5,3,2,0,0,0,0,0,0,0,0,1,0,1,6,5,1,1,0,0,0,0,0,0,0,1.28,71,85,423,0,0.21,198,105,99,18
Anselmo Gonçalves Cardoso,37,442195200,1984/01/06,Liga NOS,2010/2011,Forward,CD Nacional,733,378,355,Portugal,16,9,7,1,0,1,0,0,0,0,0,5,4,1,12,3,9,1,0,0.12,0,0.12,0,0.25,733,1.47,61,46,733,0,0.12,106,137,-1,11
Anthony da Silva,40,346118400,1980/12/20,Liga NOS,2010/2011,Defender,Vitória Guimarães,90,90,0,Portugal,1,1,0,0,0,0,0,0,0,0,0,0,0,0,0,0,0,1,0,0,0,0,0,0,0,0,0,90,90,0,1,-1,-1,-1,28
António Alberto Bastos Pimparel,39,389059200,1982/05/01,Liga NOS,2010/2011,Goalkeeper,Porto,463,203,260,Portugal,6,3,3,0,0,0,0,0,0,0,0,2,0,2,7,5,2,0,0,0,0,0,0,0,0,1.36,66,77,0,0,0,254,317,109,18
António Eduardo Pereira dos Santos,37,452390400,1984/05/03,Liga NOS,2010/2011,Defender,SC Beira-Mar,1288,658,630,Brazil,15,8,7,0,0,0,0,0,0,0,0,4,1,3,14,10,4,5,1,0,0,0,0,0,0,0.98,92,86,258,0,0.35,332,295,50,25
António Filipe Norinho de Carvalho,36,482284800,1985/04/14,Liga NOS,2010/2011,Goalkeeper,Paços de Ferreira,29,0,29,Portugal,1,0,1,0,0,0,0,0,0,0,0,0,0,0,0,0,0,0,0,0,0,0,0,0,0,0,0,29,0,0,0,-1,-1,-1,19
António Manuel Fernandes Mendes,28,719798400,1992/10/23,Liga NOS,2010/2011,Forward,Vitória Guimarães,23,0,23,Portugal,1,0,1,0,0,0,0,0,0,0,0,1,0,1,0,0,0,0,0,0,0,0,0,0,0,0,0,23,0,0,0,-1,-1,-1,23
Anđelko Đuričić,40,343612800,1980/11/21,Liga NOS,2010/2011,Goalkeeper,União de Leiria,90,0,90,Serbia,1,0,1,0,0,0,0,0,0,0,0,1,0,1,0,0,0,1,0,0,0,0,0,0,0,0,0,90,90,0,1,-1,-1,-1,17
Aragoney da Silva Santos,34,542073600,1987/03/07,Liga NOS,2010/2011,Midfielder,Portimonense,105,54,51,Brazil,3,2,1,0,0,0,0,0,0,0,0,0,0,0,3,2,1,0,0,0,0,0,0,0,0,2.57,35,35,0,0,0,-1,-1,-1,24
Arnaldo Edi Lopes da Silva,39,394848000,1982/07/07,Liga NOS,2010/2011,Forward,CS Marítimo,226,194,32,Portugal,9,6,3,0,0,0,0,0,0,0,0,3,3,0,2,1,1,2,0,0,0,0,0,0,0,0.8,113,25,113,0,0.8,-1,-1,-1,13
Artur Filipe Bernardes Moreira,37,445910400,1984/02/18,Liga NOS,2010/2011,Midfielder,SC Beira-Mar,2148,1065,1083,Portugal,26,13,13,4,1,3,0,0,0,0,0,6,3,3,25,12,13,1,0,0.17,0,0.17,0.08,0.25,537,1.05,86,83,2148,0,0.04,89,291,-1,3
Artur Guilherme Moraes Gusmão,40,349228800,1981/01/25,Liga NOS,2010/2011,Goalkeeper,Sporting Braga,1620,810,810,Brazil,18,9,9,0,0,0,0,0,0,0,0,7,3,4,15,8,7,3,0,0,0,0,0,0,0,0.83,108,90,540,0,0.17,271,222,25,22
Aurélien Collin,35,510624000,1986/03/08,Liga NOS,2010/2011,Defender,Vitória Setúbal,1144,424,720,France,14,6,8,0,0,0,0,0,0,0,0,3,2,1,21,8,13,5,0,0,0,0,0,0,0,1.65,54,82,229,0,0.39,284,189,131,24
Bernardo David Mendes Salgueiro Campos Tengarrinha,32,603676800,1989/02/17,Liga NOS,2010/2011,Midfielder,Vitória Setúbal,287,218,69,Portugal,7,5,2,0,0,0,0,0,0,0,0,2,1,1,2,1,1,1,0,0,0,0,0,0,0,0.63,144,41,287,0,0.31,229,113,-1,25
Bruno Alexandre Caetano Cepeda Costa,31,632707200,1990/01/19,Liga NOS,2010/2011,Midfielder,União de Leiria,0,0,0,Portugal,1,1,0,0,0,0,0,0,0,0,0,1,1,0,0,0,0,0,0,0,0,0,0,0,0,0,0,0,0,0,0,-1,-1,-1,-1
Bruno Alexandre dos Santos Patacas,43,249696000,1977/11/30,Liga NOS,2010/2011,Defender,CD Nacional,944,561,383,Portugal,12,7,5,0,0,0,0,0,0,0,0,6,3,3,6,3,3,1,0,0,0,0,0,0,0,0.57,157,79,944,0,0.1,325,269,13,22
Bruno Alexandre Marques Pereirinha,33,573264000,1988/03/02,Liga NOS,2010/2011,Defender,Vitória Guimarães,462,317,145,Portugal,10,5,5,1,0,1,0,0,0,0,0,4,3,1,6,2,4,0,0,0.19,0,0.19,0,0.62,462,1.17,77,46,0,0,0,83,20,78,13
Bruno Amaro Sousa Barros,38,414288000,1983/02/17,Liga NOS,2010/2011,Midfielder,CD Nacional,1736,915,821,Portugal,25,14,11,1,1,0,0,0,0,0,0,10,6,4,16,4,12,7,1,0.05,0,0.05,0.1,0,1736,0.83,109,69,248,0,0.36,177,264,-1,12
Bruno dos Santos Moraes,37,458006400,1984/07/07,Liga NOS,2010/2011,Forward,Naval 1º de Maio,363,262,101,Brazil,8,5,3,3,1,2,0,0,0,0,0,0,0,0,6,5,1,2,0,0.74,0,0.74,0.34,1.78,121,1.49,61,45,182,0,0.5,5,110,-1,3
Bruno Flávio di Paula,32,602640000,1989/02/05,Liga NOS,2010/2011,Midfielder,Paços de Ferreira,591,436,155,Brazil,10,8,2,0,0,0,0,0,0,0,0,3,2,1,8,7,1,1,0,0,0,0,0,0,0,1.22,74,59,591,0,0.15,236,132,-1,17
Bruno Gama,33,563932800,1987/11/15,Liga NOS,2010/2011,Midfielder,Rio Ave FC,2204,1080,1124,Portugal,29,14,15,2,0,2,0,0,0,0,0,11,7,4,24,7,17,4,0,0.08,0,0.08,0,0.16,1102,0.98,92,76,551,0,0.16,150,300,-1,6
Bruno Manuel Araújo Braga,38,424656000,1983/06/17,Liga NOS,2010/2011,Midfielder,Rio Ave FC,1123,554,569,Portugal,21,12,9,4,2,2,0,0,0,0,0,8,6,2,8,2,6,5,0,0.32,0,0.32,0.32,0.32,281,0.64,140,53,225,0,0.4,36,274,-1,3
Bruno Manuel Rodrigues Silva,38,397353600,1982/08/05,Liga NOS,2010/2011,Midfielder,Rio Ave FC,1231,604,627,Portugal,14,7,7,0,0,0,0,0,0,0,0,4,2,2,19,7,12,3,0,0,0,0,0,0,0,1.39,65,88,410,0,0.22,320,322,-1,23
Bruno Martins Teles,35,515289600,1986/05/01,Liga NOS,2010/2011,Defender,Vitória Guimarães,2329,1249,1080,Brazil,26,14,12,1,0,1,0,0,0,0,0,8,6,2,26,7,19,6,0,0.04,0,0.04,0,0.08,2329,1,90,90,388,0,0.23,179,6,55,9
Bruno Miguel da Silva Jorge,36,461289600,1984/08/14,Liga NOS,2010/2011,Goalkeeper,Naval 1º de Maio,100,0,100,Portugal,2,0,2,0,0,0,0,0,0,0,0,0,0,0,1,0,1,0,0,0,0,0,0,0,0,0.9,100,50,0,0,0,-1,-1,-1,15
Bruno Miguel Goncalves Dias da Conceicao,39,377913600,1981/12/23,Liga NOS,2010/2011,Goalkeeper,SC Beira-Mar,0,0,0,Portugal,0,0,0,0,0,0,0,0,0,0,0,0,0,0,0,0,0,0,0,0,0,0,0,0,0,0,0,0,0,0,0,-1,-1,-1,-1
Bruno Miguel Moreira de Sousa,38,401673600,1982/09/24,Liga NOS,2010/2011,Defender,União de Leiria,840,524,316,Portugal,11,7,4,0,0,0,0,0,0,0,0,1,1,0,17,8,9,2,0,0,0,0,0,0,0,1.82,49,76,420,0,0.21,209,157,138,14
Bruno Miguel Ribeiro Veríssimo,45,197683200,1976/04/07,Liga NOS,2010/2011,Goalkeeper,SC Olhanense,540,360,180,Portugal,6,4,2,0,0,0,0,0,0,0,0,2,1,1,6,5,1,1,0,0,0,0,0,0,0,1,90,90,540,0,0.17,232,149,57,21
Bruno Vieira Gallo Freitas,33,578966400,1988/05/07,Liga NOS,2010/2011,Midfielder,Vitória Setúbal,480,220,260,Brazil,9,4,5,0,0,0,0,0,0,0,0,1,0,1,8,4,4,1,0,0,0,0,0,0,0,1.5,60,53,480,0,0.19,289,178,-1,20
Carlos Alberto Lourenço Milhazes,40,353635200,1981/03/17,Liga NOS,2010/2011,Defender,Rio Ave FC,822,476,346,Portugal,10,6,4,1,1,0,0,0,0,0,0,3,2,1,10,6,4,3,0,0.11,0,0.11,0.19,0,822,1.09,82,82,274,0,0.33,116,325,67,8
Carlos Alberto Valencia Paredes,32,609724800,1989/04/28,Liga NOS,2010/2011,Defender,Portimonense,0,0,0,Colombia,0,0,0,0,0,0,0,0,0,0,0,0,0,0,0,0,0,0,0,0,0,0,0,0,0,0,0,0,0,0,0,-1,-1,-1,-1
Carlos Alexandre de Souza Silva,35,523238400,1986/08/01,Liga NOS,2010/2011,Forward,União de Leiria,1077,570,507,Brazil,14,7,7,9,5,4,0,0,0,4,0,5,3,2,10,5,5,3,0,0.75,0,0.75,0.79,0.71,120,0.84,108,77,359,0,0.25,4,60,-1,1
Carlos Daniel Cevada Teixeira,27,773884800,1994/07/11,Liga NOS,2010/2011,Forward,União de Leiria,8,0,8,Portugal,1,0,1,0,0,0,0,0,0,0,0,0,0,0,0,0,0,0,0,0,0,0,0,0,0,0,0,8,0,0,0,-1,-1,-1,29
Carlos Eduardo Castro da Silva,39,388368000,1982/04/23,Liga NOS,2010/2011,Forward,SC Olhanense,839,413,426,Brazil,18,9,9,1,0,1,0,0,0,0,0,6,2,4,11,4,7,3,0,0.11,0,0.11,0,0.21,839,1.18,76,47,280,0,0.32,121,87,-1,6
Carlos Jorge Neto Martins,39,388886400,1982/04/29,Liga NOS,2010/2011,Midfielder,Benfica,1273,425,848,Portugal,25,10,15,3,2,1,0,0,0,0,0,11,5,6,10,4,6,7,0,0.21,0,0.21,0.42,0.11,424,0.71,127,51,182,0,0.49,75,63,-1,8
Carlos Miguel Brandão Fernandes,43,263174400,1978/05/05,Liga NOS,2010/2011,Defender,SC Olhanense,1837,927,910,Portugal,23,12,11,1,0,1,0,0,0,0,0,9,5,4,20,7,13,6,0,0.05,0,0.05,0,0.1,1837,0.98,92,80,306,0,0.29,163,42,54,12
Carlos Miguel Gomes de Almeida,32,591062400,1988/09/24,Liga NOS,2010/2011,Forward,Paços de Ferreira,0,0,0,Angola,0,0,0,0,0,0,0,0,0,0,0,0,0,0,0,0,0,0,0,0,0,0,0,0,0,0,0,0,0,0,0,-1,-1,-1,-1
Carlos Miguel Mondim Saleiro,35,509673600,1986/02/25,Liga NOS,2010/2011,Forward,Sporting CP,344,214,130,Portugal,27,13,14,1,1,0,0,0,0,0,0,8,5,3,2,2,0,6,0,0.26,0,0.26,0.42,0,344,0.52,172,13,57,0,1.57,56,331,-1,13
Carlos Pereira Rodrigues,39,376358400,1981/12/05,Liga NOS,2010/2011,Defender,Naval 1º de Maio,2333,1170,1163,Portugal,27,13,14,0,0,0,0,0,0,0,0,4,2,2,38,17,21,7,3,0,0,0,0,0,0,1.47,61,86,259,0,0.35,253,191,118,22
Cássio Albuquerque dos Anjos,40,334886400,1980/08/12,Liga NOS,2010/2011,Goalkeeper,Paços de Ferreira,2578,1260,1318,Brazil,29,14,15,0,0,0,0,0,0,0,0,9,5,4,34,16,18,4,1,0,0,0,0,0,0,1.19,76,89,516,0,0.17,256,314,80,14
Cedric Soares,29,683596800,1991/08/31,Liga NOS,2010/2011,Defender,Sporting CP,171,81,90,Portugal,2,1,1,0,0,0,0,0,0,0,0,1,0,1,1,1,0,0,0,0,0,0,0,0,0,0.53,171,86,0,0,0,-1,-1,-1,14
Chengdong Zhang,32,602985600,1989/02/09,Liga NOS,2010/2011,Midfielder,União de Leiria,691,312,379,China,14,7,7,2,1,1,0,0,0,0,0,4,2,2,11,4,7,2,0,0.26,0,0.26,0.29,0.24,346,1.43,63,49,346,0,0.26,53,57,-1,3
Christian Atsu Twasam,29,695001600,1992/01/10,Liga NOS,2010/2011,Midfielder,Porto,0,0,0,Ghana,0,0,0,0,0,0,0,0,0,0,0,0,0,0,0,0,0,0,0,0,0,0,0,0,0,0,0,0,0,0,0,-1,-1,-1,-1
Christos Melissis,38,407548800,1982/12/01,Liga NOS,2010/2011,Defender,CS Marítimo,0,0,0,Greece,0,0,0,0,0,0,0,0,0,0,0,0,0,0,0,0,0,0,0,0,0,0,0,0,0,0,0,0,0,0,0,-1,-1,-1,-1
Cicero Casimiro Sanchez Semedo,35,515894400,1986/05/08,Liga NOS,2010/2011,Forward,Rio Ave FC,214,99,115,Guinea-Bissau,13,8,5,0,0,0,0,0,0,0,0,5,2,3,0,0,0,1,0,0,0,0,0,0,0,0,0,16,214,0,0.42,-1,-1,-1,17
Claudemir Ferreira da Silva,36,461548800,1984/08/17,Liga NOS,2010/2011,Midfielder,CD Nacional,1862,885,977,Brazil,21,10,11,4,3,1,0,0,0,3,0,7,4,3,22,7,15,3,0,0.19,0,0.19,0.31,0.09,466,1.06,85,89,621,0,0.15,82,156,-1,1
Claudiano Bezerra da Silva,40,358819200,1981/05/16,Liga NOS,2010/2011,Defender,Sporting Braga,982,586,396,Brazil,12,7,5,0,0,0,0,0,0,0,0,5,2,3,8,6,2,6,0,0,0,0,0,0,0,0.73,123,82,164,0,0.55,193,122,18,29
Cláudio Mejolaro,39,379296000,1982/01/08,Liga NOS,2010/2011,Forward,Vitória Setúbal,2228,1195,1033,Brazil,26,14,12,9,5,4,0,0,0,1,0,6,3,3,29,18,11,4,1,0.36,0,0.36,0.38,0.35,248,1.17,77,86,446,0,0.2,28,128,-1,1
Claúdio Zélito da Fonseca Aguiar,46,160617600,1975/02/03,Liga NOS,2010/2011,Forward,Portimonense,1388,815,573,Cape Verde,22,12,10,3,3,0,0,0,0,0,0,3,1,2,24,19,5,0,0,0.19,0,0.19,0.33,0,463,1.56,58,63,0,0,0,80,251,-1,3
Cléber Monteiro de Oliveira,41,327888000,1980/05/23,Liga NOS,2010/2011,Midfielder,Vitória Guimarães,2035,1080,955,Brazil,24,12,12,0,0,0,0,0,0,0,0,7,5,2,24,7,17,4,0,0,0,0,0,0,0,1.06,85,85,509,0,0.18,231,141,-1,20
Cristian Fernando Suarez Figueroa,34,539568000,1987/02/06,Liga NOS,2010/2011,Defender,SC Olhanense,572,264,308,Chile,7,3,4,0,0,0,0,0,0,0,0,1,0,1,10,5,5,2,0,0,0,0,0,0,0,1.57,57,82,286,0,0.31,237,114,128,15
Cristian Gabriel Rodríguez Barrotti,35,496886400,1985/09/30,Liga NOS,2010/2011,Midfielder,Porto,265,170,95,Uruguay,13,5,8,1,1,0,0,0,0,0,0,10,4,6,1,0,1,1,0,0.34,0,0.34,0.53,0,265,0.34,265,20,265,0,0.34,-1,-1,-1,10
Cristiano Moraes De Oliveira,37,433555200,1983/09/28,Liga NOS,2010/2011,Midfielder,Sporting CP,151,100,51,Portugal,4,3,1,0,0,0,0,0,0,0,0,1,1,0,4,2,2,0,0,0,0,0,0,0,0,2.38,38,38,0,0,0,-1,-1,-1,16
Custodio Miguel Dias de Castro,38,422582400,1983/05/24,Liga NOS,2010/2011,Midfielder,Sporting Braga,857,378,479,Portugal,15,8,7,1,0,1,0,0,0,0,0,6,2,4,6,5,1,5,1,0.11,0,0.11,0,0.19,857,0.63,143,57,171,0,0.53,117,37,-1,14
Daniel Alexandre Feliciano Jesus,29,700358400,1992/03/12,Liga NOS,2010/2011,Defender,SC Olhanense,0,0,0,Portugal,0,0,0,0,0,0,0,0,0,0,0,0,0,0,0,0,0,0,0,0,0,0,0,0,0,0,0,0,0,0,0,-1,-1,-1,-1
Daniel Candeias,33,572745600,1988/02/25,Liga NOS,2010/2011,Forward,Portimonense,2385,1319,1066,Portugal,28,15,13,1,1,0,0,0,0,0,0,4,2,2,40,24,16,6,2,0.04,0,0.04,0.07,0,2385,1.51,60,85,341,0,0.26,180,24,-1,9
Daniel Carriço,33,586656000,1988/08/04,Liga NOS,2010/2011,Defender,Sporting CP,2139,990,1149,Portugal,24,11,13,0,0,0,0,0,0,0,0,6,3,3,25,14,11,5,0,0,0,0,0,0,0,1.05,86,89,428,0,0.21,263,340,63,22
Daniel Lopez Cruz,39,391737600,1982/06/01,Liga NOS,2010/2011,Defender,Naval 1º de Maio,994,338,656,Brazil,12,4,8,0,0,0,0,0,0,0,0,1,1,0,24,5,19,6,0,0,0,0,0,0,0,2.17,41,83,166,0,0.54,217,153,143,13
Danielson Ferreira Trindade,40,347846400,1981/01/09,Liga NOS,2010/2011,Defender,CD Nacional,2693,1343,1350,Brazil,30,15,15,2,0,2,0,0,0,0,0,11,6,5,27,9,18,3,1,0.07,0,0.07,0,0.13,1347,0.9,100,90,673,0,0.13,154,259,37,7
Danijel Stojanović,36,461635200,1984/08/18,Liga NOS,2010/2011,Defender,CD Nacional,568,293,275,Croatia,8,4,4,0,0,0,0,0,0,0,0,4,2,2,6,3,3,6,1,0,0,0,0,0,0,0.95,95,71,95,0,0.95,233,130,45,20
Danilo Leandro Dias,35,500083200,1985/11/06,Liga NOS,2010/2011,Forward,CS Marítimo,1128,555,573,Brazil,21,11,10,0,0,0,0,0,0,0,0,6,4,2,7,3,4,4,1,0,0,0,0,0,0,0.56,161,54,226,0,0.4,280,240,-1,24
Danilo Tavares de Oliveira,41,303436800,1979/08/14,Liga NOS,2010/2011,Defender,SC Beira-Mar,180,180,0,Brazil,2,2,0,0,0,0,0,0,0,0,0,2,2,0,0,0,0,1,0,0,0,0,0,0,0,0,0,90,180,0,0.5,-1,-1,-1,24
Darko Bodul,32,600480000,1989/01/11,Liga NOS,2010/2011,Forward,CD Nacional,112,79,33,Austria,4,3,1,0,0,0,0,0,0,0,0,0,0,0,2,1,1,0,0,0,0,0,0,0,0,1.61,56,28,0,0,0,-1,-1,-1,26
David Luiz,34,546048000,1987/04/22,Liga NOS,2010/2011,Defender,Benfica,1440,720,720,Brazil,16,8,8,0,0,0,0,0,0,0,0,10,6,4,12,3,9,5,0,0,0,0,0,0,0,0.75,120,90,288,0,0.31,295,49,21,26
David Martins Simão,31,642729600,1990/05/15,Liga NOS,2010/2011,Midfielder,Paços de Ferreira,1590,652,938,Portugal,25,11,14,0,0,0,0,0,0,0,0,7,4,3,18,5,13,7,1,0,0,0,0,0,0,1.02,88,64,227,0,0.4,258,306,-1,24
David Nii Addy,31,635558400,1990/02/21,Liga NOS,2010/2011,Defender,Associação Académica de Coimbra OAF,1083,450,633,Ghana,14,5,9,2,1,1,0,0,0,0,0,4,3,1,16,4,12,7,3,0.17,0,0.17,0.2,0.14,542,1.33,68,77,120,0,0.75,90,76,106,5
Davide Alexandre Pinto Dias,38,418953600,1983/04/12,Liga NOS,2010/2011,Midfielder,Naval 1º de Maio,22,22,0,Portugal,1,1,0,0,0,0,0,0,0,0,0,0,0,0,0,0,0,0,0,0,0,0,0,0,0,0,0,22,0,0,0,-1,-1,-1,14
Dejan Školnik,32,599616000,1989/01/01,Liga NOS,2010/2011,Midfielder,CD Nacional,2063,992,1071,Croatia,26,13,13,1,0,1,0,0,0,0,0,10,5,5,21,8,13,6,0,0.04,0,0.04,0,0.08,2063,0.92,98,79,344,0,0.26,185,261,-1,10
Delson Ferreira,41,333417600,1980/07/26,Liga NOS,2010/2011,Midfielder,SC Olhanense,382,192,190,Brazil,9,5,4,0,0,0,0,0,0,0,0,4,2,2,4,2,2,3,0,0,0,0,0,0,0,0.94,96,42,127,0,0.71,195,23,-1,23
Diego Costa Silva,42,295228800,1979/05/11,Liga NOS,2010/2011,Goalkeeper,Vitória Setúbal,2693,1343,1350,Brazil,30,15,15,0,0,0,0,0,0,0,0,8,4,4,37,19,18,2,0,0,0,0,0,0,0,1.24,73,90,1347,0,0.07,283,213,86,14
Diego de Lima Barcelos,36,481507200,1985/04/05,Liga NOS,2010/2011,Forward,CD Nacional,1810,892,918,Brazil,24,12,12,4,1,3,0,0,0,0,0,11,6,5,14,3,11,3,0,0.2,0,0.2,0.1,0.29,453,0.7,129,75,603,0,0.15,79,265,-1,2
Diego Goldim,39,374630400,1981/11/15,Liga NOS,2010/2011,Defender,União de Leiria,483,180,303,Brazil,6,2,4,0,0,0,0,0,0,0,0,3,1,2,3,1,2,1,0,0,0,0,0,0,0,0.56,161,81,483,0,0.19,335,282,11,28
Diego Martins Costa Silva,32,605491200,1989/03/10,Liga NOS,2010/2011,Goalkeeper,Naval 1º de Maio,0,0,0,Portugal,0,0,0,0,0,0,0,0,0,0,0,0,0,0,0,0,0,0,0,0,0,0,0,0,0,0,0,0,0,0,0,-1,-1,-1,-1
Diogo Carlos Correia Amado,31,632880000,1990/01/21,Liga NOS,2010/2011,Midfielder,União de Leiria,929,317,612,Portugal,15,5,10,1,0,1,0,0,0,0,0,7,1,6,12,6,6,3,0,0.1,0,0.1,0,0.15,929,1.16,77,62,310,0,0.29,126,61,-1,7
Diogo Ferreira Salomão,32,590198400,1988/09/14,Liga NOS,2010/2011,Midfielder,Sporting CP,593,509,84,Portugal,12,9,3,1,1,0,0,0,0,0,0,6,4,2,9,8,1,0,0,0.15,0,0.15,0.18,0,593,1.37,66,49,0,0,0,98,129,-1,12
Diogo Jefferson Mendes de Melo,37,451094400,1984/04/18,Liga NOS,2010/2011,Midfielder,Associação Académica de Coimbra OAF,2227,1146,1081,Brazil,28,14,14,1,1,0,0,0,0,0,0,6,5,1,35,13,22,5,1,0.04,0,0.04,0.08,0,2227,1.41,64,80,445,0,0.2,188,65,-1,10
Diogo Jorge Moreno Valente,36,464745600,1984/09/23,Liga NOS,2010/2011,Forward,Associação Académica de Coimbra OAF,2127,969,1158,Portugal,29,14,15,2,0,2,0,0,0,0,0,6,4,2,35,10,25,5,0,0.08,0,0.08,0,0.16,1064,1.48,61,73,425,0,0.21,144,71,-1,7
Diogo Soares Gomes,35,495331200,1985/09/12,Liga NOS,2010/2011,Midfielder,Associação Académica de Coimbra OAF,684,344,340,Brazil,10,5,5,2,2,0,0,0,0,0,0,3,2,1,7,2,5,3,0,0.26,0,0.26,0.52,0,342,0.92,98,68,228,0,0.39,54,73,-1,6
Djalma Braume Manuel Abel Campos,34,549331200,1987/05/30,Liga NOS,2010/2011,Forward,CS Marítimo,2055,1000,1055,Angola,27,14,13,5,2,3,0,0,0,0,0,7,4,3,25,12,13,6,0,0.22,0,0.22,0.18,0.26,411,1.09,82,76,343,0,0.26,68,236,-1,3
Djalmir Vieira de Andrade,45,198979200,1976/04/22,Liga NOS,2010/2011,Forward,SC Olhanense,992,602,390,Brazil,21,13,8,4,3,1,0,0,0,2,0,5,4,1,10,7,3,6,0,0.36,0,0.36,0.45,0.23,248,0.91,99,47,165,0,0.54,29,13,-1,1
Djamal Abdoulaye Mahamat Bindi,38,420163200,1983/04/26,Liga NOS,2010/2011,Midfielder,SC Beira-Mar,2430,1260,1170,Libya,27,14,13,3,2,1,0,0,0,0,0,6,3,3,32,15,17,6,0,0.11,0,0.11,0.14,0.08,810,1.19,76,90,405,0,0.22,118,289,-1,4
Domingos Alexandre Martins da Costa,41,305424000,1979/09/06,Liga NOS,2010/2011,Defender,Vitória Guimarães,2520,1170,1350,Portugal,28,13,15,0,0,0,0,0,0,0,0,10,7,3,31,7,24,9,0,0,0,0,0,0,0,1.11,81,90,280,0,0.32,315,3,71,26
Douglas De Oliveira,35,507427200,1986/01/30,Liga NOS,2010/2011,Forward,Vitória Guimarães,320,238,82,Brazil,7,5,2,1,0,1,0,0,0,0,0,3,3,0,2,0,2,0,0,0.28,0,0.28,0,1.1,320,0.56,160,46,0,0,0,48,140,-1,14
Douglas Renato de Jesus,38,416016000,1983/03/09,Liga NOS,2010/2011,Goalkeeper,Vitória Guimarães,0,0,0,Brazil,0,0,0,0,0,0,0,0,0,0,0,0,0,0,0,0,0,0,0,0,0,0,0,0,0,0,0,0,0,0,0,-1,-1,-1,-1
Dylan Ludovic Duventru-Huret,32,599788800,1989/01/03,Liga NOS,2010/2011,Forward,CS Marítimo,24,24,0,France,1,1,0,0,0,0,0,0,0,0,0,0,0,0,0,0,0,0,0,0,0,0,0,0,0,0,0,24,0,0,0,-1,-1,-1,14
Éder Monteiro Fernandes,37,432950400,1983/09/21,Liga NOS,2010/2011,Defender,Rio Ave FC,692,242,450,Brazil,9,4,5,0,0,0,0,0,0,0,0,3,1,2,10,2,8,4,1,0,0,0,0,0,0,1.3,69,77,173,0,0.52,202,89,101,13
Éderzito António Macedo Lopes,33,567129600,1987/12/22,Liga NOS,2010/2011,Forward,Associação Académica de Coimbra OAF,878,411,467,Portugal,21,12,9,2,0,2,0,0,0,0,0,6,4,2,15,5,10,3,0,0.21,0,0.21,0,0.39,439,1.54,59,42,293,0,0.31,73,33,-1,4
Edgar Bruno da Silva,34,536630400,1987/01/03,Liga NOS,2010/2011,Forward,Vitória Guimarães,2213,1074,1139,Brazil,30,15,15,10,3,7,0,0,0,2,0,10,7,3,29,7,22,3,0,0.41,0,0.41,0.25,0.55,221,1.18,76,74,738,0,0.12,20,39,-1,1
Edivaldo Rojas Hermoza,35,501033600,1985/11/17,Liga NOS,2010/2011,Forward,Naval 1º de Maio,2196,985,1211,Bolivia,29,14,15,4,2,2,0,0,0,0,0,4,2,2,41,17,24,2,0,0.16,0,0.16,0.18,0.15,549,1.68,54,76,1098,0,0.08,94,205,-1,2
Edivândio Sequeira dos Reis,30,662688000,1991/01/01,Liga NOS,2010/2011,Forward,CS Marítimo,37,30,7,Cape Verde,2,1,1,0,0,0,0,0,0,0,0,0,0,0,0,0,0,0,0,0,0,0,0,0,0,0,0,19,0,0,0,-1,-1,-1,11
Edson André Sitoe,32,589680000,1988/09/08,Liga NOS,2010/2011,Defender,SC Olhanense,1065,384,681,Mozambique,15,5,10,0,0,0,0,0,0,0,0,6,1,5,15,4,11,2,0,0,0,0,0,0,0,1.27,71,71,533,0,0.17,311,9,94,25
Edson Feliciano Sitta,38,424656000,1983/06/17,Liga NOS,2010/2011,Defender,Vitória Guimarães,948,482,466,Brazil,15,8,7,0,0,0,0,0,0,0,0,4,3,1,10,2,8,4,1,0,0,0,0,0,0,0.95,95,63,237,0,0.38,241,38,43,24
Eduardo Antonio Salvio,31,647827200,1990/07/13,Liga NOS,2010/2011,Midfielder,Benfica,1120,676,444,Argentina,19,11,8,4,3,1,0,0,0,0,0,11,6,5,12,7,5,4,0,0.32,0,0.32,0.4,0.2,280,0.96,93,59,280,0,0.32,34,133,-1,7
Eduardo Fernandes Pereira Gomes,39,366508800,1981/08/13,Liga NOS,2010/2011,Forward,SC Olhanense,496,327,169,Cape Verde,7,5,2,1,1,0,0,0,0,0,0,1,1,0,10,5,5,0,0,0.18,0,0.18,0.28,0,496,1.81,50,71,0,0,0,86,342,-1,10
Eduardo Gottardi,35,498441600,1985/10/18,Liga NOS,2010/2011,Goalkeeper,União de Leiria,2340,1260,1080,Brazil,26,14,12,0,0,0,0,0,0,0,0,8,4,4,30,15,15,5,0,0,0,0,0,0,0,1.15,78,90,468,0,0.19,225,84,75,12
Eduardo Tomas Luis Jumisse,36,486864000,1985/06/06,Liga NOS,2010/2011,Midfielder,Portimonense,1142,543,599,Mozambique,14,7,7,1,0,1,0,0,0,0,0,1,1,0,25,11,14,8,1,0.08,0,0.08,0,0.15,1142,1.97,46,82,143,0,0.63,145,247,-1,13
Elderson Uwa Echiejile,33,569635200,1988/01/20,Liga NOS,2010/2011,Defender,Sporting Braga,1687,810,877,Nigeria,20,9,11,0,0,0,0,0,0,0,0,7,3,4,18,9,9,2,0,0,0,0,0,0,0,0.96,94,84,844,0,0.11,269,232,46,27
Elias Alves da Silva,39,368409600,1981/09/04,Liga NOS,2010/2011,Midfielder,Portimonense,1661,857,804,Brazil,24,12,12,1,0,1,0,0,0,0,0,4,2,2,27,14,13,8,0,0.05,0,0.05,0,0.11,1661,1.46,62,69,208,0,0.43,169,225,-1,14
Elias De Oliveira Rosa,38,413510400,1983/02/08,Liga NOS,2010/2011,Forward,CS Marítimo,224,163,61,Brazil,7,3,4,1,0,1,0,0,0,0,0,2,1,1,1,0,1,2,0,0.4,0,0.4,0,1.48,224,0.4,224,32,112,0,0.8,-1,-1,-1,9
Élio Bruno Teixeira Martins,36,480643200,1985/03/26,Liga NOS,2010/2011,Forward,SC Beira-Mar,432,206,226,Portugal,9,4,5,0,0,0,0,0,0,0,0,2,2,0,6,3,3,4,2,0,0,0,0,0,0,1.25,72,48,86,0,1.04,208,124,-1,13
Elisson Aparecido Rosa,34,543715200,1987/03/26,Liga NOS,2010/2011,Goalkeeper,CD Nacional,0,0,0,Brazil,0,0,0,0,0,0,0,0,0,0,0,0,0,0,0,0,0,0,0,0,0,0,0,0,0,0,0,0,0,0,0,-1,-1,-1,-1
Elton Rodrigues Brandão,36,491702400,1985/08/01,Liga NOS,2010/2011,Forward,Sporting Braga,181,100,81,Brazil,6,3,3,0,0,0,0,0,0,0,0,3,2,1,1,0,1,0,0,0,0,0,0,0,0,0.5,181,30,0,0,0,-1,-1,-1,25
Emidio Rafael Augusto da Silva,35,506908800,1986/01/24,Liga NOS,2010/2011,Defender,Porto,434,254,180,Portugal,5,3,2,0,0,0,0,0,0,0,0,3,2,1,2,1,1,2,0,0,0,0,0,0,0,0.41,217,87,217,0,0.41,223,98,4,13
Enoque Vicente Paes,38,408412800,1982/12/11,Liga NOS,2010/2011,Goalkeeper,SC Beira-Mar,0,0,0,Brazil,0,0,0,0,0,0,0,0,0,0,0,0,0,0,0,0,0,0,0,0,0,0,0,0,0,0,0,0,0,0,0,-1,-1,-1,-1
Enrique Javier Carreño Salvago,34,533433600,1986/11/27,Liga NOS,2010/2011,Forward,Associação Académica de Coimbra OAF,174,45,129,Spain,5,2,3,0,0,0,0,0,0,0,0,1,1,0,3,0,3,0,0,0,0,0,0,0,0,1.55,58,35,0,0,0,-1,-1,-1,12
Esteban Andrés Carvajal Tapia,32,595728000,1988/11/17,Liga NOS,2010/2011,Midfielder,SC Olhanense,71,6,65,Chile,2,1,1,0,0,0,0,0,0,0,0,0,0,0,1,0,1,0,0,0,0,0,0,0,0,1.27,71,36,0,0,0,-1,-1,-1,16
Euripides Daniel Adao Amoreirinha,36,460512000,1984/08/05,Liga NOS,2010/2011,Defender,Associação Académica de Coimbra OAF,343,185,158,Portugal,6,3,3,0,0,0,0,0,0,0,0,2,1,1,6,4,2,3,0,0,0,0,0,0,0,1.57,57,57,114,0,0.79,212,155,127,15
Evaldo dos Santos Fabiano,39,385257600,1982/03/18,Liga NOS,2010/2011,Defender,Sporting CP,2582,1253,1329,Brazil,29,14,15,0,0,0,0,0,0,0,0,10,6,4,28,14,14,5,0,0,0,0,0,0,0,0.98,92,89,516,0,0.17,262,341,51,23
Evangelos Mantzios,38,419817600,1983/04/22,Liga NOS,2010/2011,Forward,CS Marítimo,46,46,0,Greece,1,1,0,0,0,0,0,0,0,0,0,0,0,0,1,1,0,0,0,0,0,0,0,0,0,1.96,46,46,0,0,0,-1,-1,-1,16
Fábio Alexandre da Silva Coentrão,33,574041600,1988/03/11,Liga NOS,2010/2011,Defender,Benfica,2069,1169,900,Portugal,23,13,10,2,1,1,0,0,0,0,0,11,7,4,23,11,12,9,2,0.09,0,0.09,0.08,0.1,1035,1,90,90,230,0,0.39,137,50,58,11
Fábio Alexandre Duarte Felício,39,389145600,1982/05/02,Liga NOS,2010/2011,Midfielder,Rio Ave FC,289,156,133,Portugal,7,3,4,0,0,0,0,0,0,0,0,2,1,1,5,3,2,3,0,0,0,0,0,0,0,1.56,58,41,96,0,0.93,205,138,-1,10
Fabio do Passo Faria,32,609379200,1989/04/24,Liga NOS,2010/2011,Defender,Benfica,0,0,0,Portugal,0,0,0,0,0,0,0,0,0,0,0,0,0,0,0,0,0,0,0,0,0,0,0,0,0,0,0,0,0,0,0,-1,-1,-1,-1
Fábio Júnior dos Santos,38,402710400,1982/10/06,Liga NOS,2010/2011,Forward,Naval 1º de Maio,1549,761,788,Brazil,23,10,13,4,0,4,0,0,0,1,0,2,1,1,30,15,15,3,0,0.23,0,0.23,0,0.46,387,1.74,52,67,516,0,0.17,61,100,-1,1
Fabrício Santos Simões,36,472867200,1984/12/26,Liga NOS,2010/2011,Forward,União de Leiria,792,422,370,Brazil,12,6,6,2,0,2,0,0,0,0,0,5,1,4,10,6,4,2,0,0.23,0,0.23,0,0.49,396,1.14,79,66,396,0,0.23,64,117,-1,5
Fangzhuo Dong,36,475286400,1985/01/23,Liga NOS,2010/2011,Forward,Portimonense,78,67,11,China,3,2,1,0,0,0,0,0,0,0,0,1,1,0,1,0,1,0,0,0,0,0,0,0,0,1.15,78,26,0,0,0,-1,-1,-1,20
Faouzi Abdelghani,36,490060800,1985/07/13,Liga NOS,2010/2011,Midfielder,Vitória Guimarães,756,311,445,Morocco,16,7,9,2,1,1,0,0,0,0,0,6,3,3,9,3,6,4,1,0.24,0,0.24,0.29,0.2,378,1.07,84,47,189,0,0.48,58,40,-1,8
Felipe Alberto Silva dos Anjos,32,599616000,1989/01/01,Liga NOS,2010/2011,Forward,Rio Ave FC,0,0,0,Brazil,0,0,0,0,0,0,0,0,0,0,0,0,0,0,0,0,0,0,0,0,0,0,0,0,0,0,0,0,0,0,0,-1,-1,-1,-1
Felipe Aliste Lopes,33,555292800,1987/08/07,Liga NOS,2010/2011,Defender,CD Nacional,2700,1350,1350,Brazil,30,15,15,1,0,1,0,0,0,0,0,11,6,5,27,9,18,4,0,0.03,0,0.03,0,0.07,2700,0.9,100,90,675,0,0.13,191,267,33,14
Felipe Menezes Jacomo Meia,33,569635200,1988/01/20,Liga NOS,2010/2011,Midfielder,Benfica,298,46,252,Brazil,7,2,5,0,0,0,0,0,0,0,0,2,0,2,3,1,2,1,0,0,0,0,0,0,0,0.91,99,43,298,0,0.3,298,83,-1,22
Fernando Daniel Belluschi,37,432000000,1983/09/10,Liga NOS,2010/2011,Midfielder,Porto,1967,930,1037,Argentina,26,12,14,2,1,1,0,0,0,0,0,17,7,10,7,5,2,8,0,0.09,0,0.09,0.1,0.09,984,0.32,281,76,246,0,0.37,136,196,-1,9
Fernando Francisco Reges,34,554169600,1987/07/25,Liga NOS,2010/2011,Midfielder,Porto,1634,730,904,Brazil,21,10,11,0,0,0,0,0,0,0,0,13,5,8,9,6,3,4,0,0,0,0,0,0,0,0.5,182,78,409,0,0.22,242,256,-1,21
Fernando Jose Ribeiro Alexandre,36,491788800,1985/08/02,Liga NOS,2010/2011,Midfielder,SC Olhanense,2189,1142,1047,Portugal,25,13,12,0,0,0,0,0,0,0,0,7,4,3,24,12,12,7,0,0,0,0,0,0,0,0.99,91,88,313,0,0.29,308,17,-1,27
Fernando Rui Valadares Pinto Sampaio,34,549244800,1987/05/29,Liga NOS,2010/2011,Midfielder,SC Beira-Mar,2496,1223,1273,Portugal,30,15,15,1,1,0,0,0,0,0,0,6,3,3,33,16,17,3,0,0.04,0,0.04,0.07,0,2496,1.19,76,83,832,0,0.11,189,287,-1,8
Filipe Alexandre Dias Anunciacao,42,296611200,1979/05/27,Liga NOS,2010/2011,Midfielder,Paços de Ferreira,989,444,545,Portugal,15,7,8,1,1,0,0,0,0,0,0,5,2,3,15,6,9,5,0,0.09,0,0.09,0.2,0,989,1.37,66,66,198,0,0.46,131,93,-1,6
Flávio Miguel Magalhães de Sousa Meireles,44,213148800,1976/10/03,Liga NOS,2010/2011,Midfielder,Vitória Guimarães,304,168,136,Portugal,8,6,2,0,0,0,0,0,0,0,0,4,3,1,2,0,2,3,0,0,0,0,0,0,0,0.59,152,38,101,0,0.89,292,21,-1,25
Franco Daniel Jara,33,584928000,1988/07/15,Liga NOS,2010/2011,Forward,Benfica,1014,479,535,Argentina,26,12,14,6,4,2,0,0,0,0,0,10,4,6,17,10,7,3,0,0.53,0,0.53,0.75,0.34,169,1.51,60,39,338,0,0.27,10,53,-1,4
Fredy Alejandro Guarín Vásquez,35,520473600,1986/06/30,Liga NOS,2010/2011,Midfielder,Porto,1221,680,541,Colombia,22,10,12,5,3,2,0,0,0,0,0,14,6,8,8,5,3,3,0,0.37,0,0.37,0.4,0.33,244,0.59,153,56,407,0,0.22,27,319,-1,5
Gang Wang,32,603676800,1989/02/17,Liga NOS,2010/2011,Forward,SC Beira-Mar,245,136,109,China,14,8,6,1,0,1,0,0,0,0,0,3,1,2,6,1,5,2,1,0.37,0,0.37,0,0.83,245,2.2,41,18,82,0,1.1,-1,-1,-1,11
George Leandro Abreu de Lima,35,500342400,1985/11/09,Liga NOS,2010/2011,Midfielder,União de Leiria,1221,546,675,Brazil,22,11,11,1,0,1,0,0,0,0,0,8,3,5,19,7,12,4,0,0.07,0,0.07,0,0.13,1221,1.4,64,56,305,0,0.29,153,97,-1,9
George Mourad,38,401155200,1982/09/18,Liga NOS,2010/2011,Forward,Portimonense,113,23,90,Syria,5,2,3,1,1,0,0,0,0,0,0,0,0,0,2,1,1,0,0,0.8,0,0.8,3.91,0,113,1.59,57,23,0,0,0,-1,-1,-1,16
Getúlio Vargas Freitas Oliveira Júnior,38,412041600,1983/01/22,Liga NOS,2010/2011,Goalkeeper,Vitória Setúbal,0,0,0,Brazil,0,0,0,0,0,0,0,0,0,0,0,0,0,0,0,0,0,0,0,0,0,0,0,0,0,0,0,0,0,0,0,-1,-1,-1,-1
Giuliano Dias Amaral,40,337219200,1980/09/08,Liga NOS,2010/2011,Midfielder,Naval 1º de Maio,487,215,272,Brazil,13,6,7,1,1,0,0,0,0,0,0,0,0,0,8,5,3,3,0,0.18,0,0.18,0.42,0,487,1.48,61,37,162,0,0.55,87,206,-1,12
Givanildo Vieira de Souza,35,522633600,1986/07/25,Liga NOS,2010/2011,Forward,Porto,2291,1127,1164,Brazil,26,13,13,23,14,9,0,0,0,8,0,15,6,9,16,11,5,7,0,0.9,0,0.9,1.12,0.7,100,0.63,143,88,327,0,0.27,2,301,-1,1
Guilherme Costa Marques,30,674784000,1991/05/21,Liga NOS,2010/2011,Midfielder,Sporting Braga,171,109,62,Brazil,5,2,3,1,1,0,0,0,0,0,0,2,0,2,2,2,0,1,0,0.53,0,0.53,0.83,0,171,1.05,86,34,171,0,0.53,-1,-1,-1,16
Helder Fernando Ferreira Castro,35,506908800,1986/01/24,Liga NOS,2010/2011,Midfielder,Portimonense,567,266,301,Portugal,10,5,5,0,0,0,0,0,0,0,0,2,1,1,12,5,7,0,0,0,0,0,0,0,0,1.9,47,57,0,0,0,214,119,-1,17
Hélder Jorge Leal Rodrigues Barbosa,34,548899200,1987/05/25,Liga NOS,2010/2011,Forward,Sporting Braga,689,424,265,Portugal,17,10,7,4,1,3,0,0,0,0,0,8,4,4,7,6,1,2,0,0.52,0,0.52,0.21,1.02,172,0.91,98,41,345,0,0.26,12,29,-1,4
Hélder José Vaz Cabral,37,452736000,1984/05/07,Liga NOS,2010/2011,Defender,Associação Académica de Coimbra OAF,1517,895,622,Portugal,18,10,8,0,0,0,0,0,0,0,0,3,2,1,26,10,16,8,1,0,0,0,0,0,0,1.54,58,84,190,0,0.47,199,34,120,18
Hélder Manuel Marques Postiga,39,397094400,1982/08/02,Liga NOS,2010/2011,Forward,Sporting CP,2004,992,1012,Portugal,25,13,12,6,3,3,0,0,0,1,0,7,5,2,23,12,11,7,0,0.27,0,0.27,0.27,0.27,334,1.03,87,80,286,0,0.31,51,335,-1,3
Hélder Pelembe,33,559094400,1987/09/20,Liga NOS,2010/2011,Forward,Portimonense,434,250,184,Mozambique,11,6,5,0,0,0,0,0,0,0,0,1,1,0,8,2,6,3,0,0,0,0,0,0,0,1.66,54,39,145,0,0.62,273,253,-1,29
Héldon Augusto Almeida Ramos,32,595468800,1988/11/14,Liga NOS,2010/2011,Forward,CS Marítimo,513,307,206,Cape Verde,15,9,6,0,0,0,0,0,0,0,0,3,2,1,6,4,2,0,0,0,0,0,0,0,0,1.05,86,34,0,0,0,203,88,-1,12
Helton da Silva Arruda,43,264297600,1978/05/18,Liga NOS,2010/2011,Goalkeeper,Porto,2227,1147,1080,Brazil,25,13,12,0,0,0,0,0,0,0,0,17,8,9,9,6,3,4,0,0,0,0,0,0,0,0.36,247,89,557,0,0.16,247,201,3,16
Henrique De Jesus Bernardo,34,538012800,1987/01/19,Liga NOS,2010/2011,Forward,Vitória Setúbal,917,452,465,Brazil,20,10,10,1,0,1,0,0,0,0,0,7,4,3,11,4,7,2,0,0.1,0,0.1,0,0.19,917,1.08,83,46,459,0,0.2,128,181,-1,11
Henrique Sereno Fonseca,36,485222400,1985/05/18,Liga NOS,2010/2011,Defender,Porto,501,259,242,Portugal,7,3,4,0,0,0,0,0,0,0,0,4,1,3,7,5,2,2,0,0,0,0,0,0,0,1.26,72,72,251,0,0.36,255,316,91,17
Hugo André Viriato Santos Gomes,41,308448000,1979/10/11,Liga NOS,2010/2011,Defender,União de Leiria,1306,516,790,Portugal,16,6,10,0,0,0,0,0,0,0,0,7,2,5,14,6,8,3,0,0,0,0,0,0,0,0.96,93,82,435,0,0.21,336,281,47,27
Hugo Eduardo dos Santos Morais,43,256089600,1978/02/12,Liga NOS,2010/2011,Midfielder,Associação Académica de Coimbra OAF,1940,1026,914,Portugal,23,12,11,1,0,1,0,0,0,0,0,7,5,2,30,9,21,8,0,0.05,0,0.05,0,0.1,1940,1.39,65,84,243,0,0.37,170,67,-1,11
Hugo Filipe Pereira Seixas,30,672019200,1991/04/19,Liga NOS,2010/2011,Forward,SC Beira-Mar,19,4,15,Portugal,3,1,2,0,0,0,0,0,0,0,0,2,1,1,1,0,1,0,0,0,0,0,0,0,0,4.74,19,6,0,0,0,-1,-1,-1,26
Hugo Miguel Almeida Costa Lopes,34,535334400,1986/12/19,Liga NOS,2010/2011,Defender,Porto,0,0,0,Portugal,0,0,0,0,0,0,0,0,0,0,0,0,0,0,0,0,0,0,0,0,0,0,0,0,0,0,0,0,0,0,0,-1,-1,-1,-1
Hugo Miguel Alves Machado,39,394588800,1982/07/04,Liga NOS,2010/2011,Midfielder,Naval 1º de Maio,899,445,454,Portugal,16,9,7,0,0,0,0,0,0,0,0,1,0,1,16,7,9,1,0,0,0,0,0,0,0,1.6,56,56,899,0,0.1,245,211,-1,23
Hugo Miguel Fernandes Viera,44,208569600,1976/08/11,Liga NOS,2010/2011,Defender,SC Beira-Mar,2335,1170,1165,Portugal,27,13,14,0,0,0,0,0,0,0,0,5,2,3,30,15,15,5,0,0,0,0,0,0,0,1.16,78,86,467,0,0.19,330,296,76,22
Hugo Miguel Ferreira Gomes Viana,38,411436800,1983/01/15,Liga NOS,2010/2011,Midfielder,Sporting Braga,1554,855,699,Portugal,23,12,11,3,3,0,0,0,0,0,0,7,4,3,16,10,6,4,0,0.17,0,0.17,0.32,0,518,0.93,97,68,389,0,0.23,91,164,-1,5
Hugo Miguel Ribeiro Leal,41,327715200,1980/05/21,Liga NOS,2010/2011,Midfielder,Vitória Setúbal,1941,956,985,Portugal,24,12,12,1,1,0,0,0,0,0,0,8,4,4,24,11,13,5,0,0.05,0,0.05,0.09,0,1941,1.11,81,81,388,0,0.23,166,184,-1,9
Hugo Ventura Ferreira Moura,33,569116800,1988/01/14,Liga NOS,2010/2011,Goalkeeper,Portimonense,2520,1350,1170,Portugal,28,15,13,0,0,0,0,0,0,0,0,4,2,2,41,24,17,1,0,0,0,0,0,0,0,1.46,61,90,2520,0,0.04,206,25,116,25
Ibrahim Sissoko,29,691372800,1991/11/29,Liga NOS,2010/2011,Forward,Associação Académica de Coimbra OAF,201,115,86,Côte d'Ivoire,9,4,5,0,0,0,0,0,0,0,0,3,2,1,2,1,1,2,0,0,0,0,0,0,0,0.9,101,22,101,0,0.9,-1,-1,-1,20
Igor Rossi Branco,32,605491200,1989/03/10,Liga NOS,2010/2011,Defender,CS Marítimo,83,0,83,Brazil,1,0,1,0,0,0,0,0,0,0,0,0,0,0,1,0,1,2,1,0,0,0,0,0,0,1.08,83,83,42,0,2.17,-1,-1,-1,15
Ionuț Cristian Săpunaru,37,449971200,1984/04/05,Liga NOS,2010/2011,Defender,Porto,1469,615,854,Romania,19,8,11,0,0,0,0,0,0,0,0,14,5,9,7,4,3,5,0,0,0,0,0,0,0,0.43,210,77,294,0,0.31,248,200,6,20
Ishmael Yartey,31,632016000,1990/01/11,Liga NOS,2010/2011,Forward,SC Beira-Mar,385,267,118,Ghana,10,6,4,1,0,1,0,0,0,0,0,1,1,0,6,4,2,1,0,0.23,0,0.23,0,0.76,385,1.4,64,39,385,0,0.23,63,112,-1,9
Ismaily Gonçalves dos Santos,31,632016000,1990/01/11,Liga NOS,2010/2011,Defender,SC Olhanense,1263,676,587,Brazil,17,9,8,1,1,0,0,0,0,0,0,4,2,2,13,8,5,2,0,0.07,0,0.07,0.13,0,1263,0.93,97,74,632,0,0.14,157,2,41,7
Ivan Fiel da Silva,39,378691200,1982/01/01,Liga NOS,2010/2011,Forward,Vitória Setúbal,439,199,240,Brazil,8,3,5,0,0,0,0,0,0,0,0,2,1,1,9,5,4,3,0,0,0,0,0,0,0,1.85,49,55,146,0,0.62,234,118,-1,16
Ivan Todorović,38,428284800,1983/07/29,Liga NOS,2010/2011,Midfielder,CD Nacional,979,267,712,Serbia,16,6,10,0,0,0,0,0,0,0,0,6,2,4,8,3,5,4,1,0,0,0,0,0,0,0.74,122,61,245,0,0.37,328,268,-1,19
Ivanildo Soares Cassamã,35,505612800,1986/01/09,Liga NOS,2010/2011,Forward,Portimonense,1373,517,856,Guinea-Bissau,19,8,11,3,1,2,0,0,0,0,0,2,1,1,25,7,18,6,1,0.2,0,0.2,0.17,0.21,458,1.64,55,72,196,0,0.46,78,255,-1,4
Ivo Filipe Claudino da Palma Gonçalves,37,452649600,1984/05/06,Liga NOS,2010/2011,Goalkeeper,Portimonense,0,0,0,Portugal,0,0,0,0,0,0,0,0,0,0,0,0,0,0,0,0,0,0,0,0,0,0,0,0,0,0,0,0,0,0,0,-1,-1,-1,-1
Jaílson Alexandre Alves dos Santos,40,361497600,1981/06/16,Liga NOS,2010/2011,Forward,Vitória Setúbal,1103,585,518,Brazil,20,10,10,4,2,2,0,0,0,0,0,4,2,2,16,11,5,1,0,0.33,0,0.33,0.31,0.35,276,1.31,69,55,1103,0,0.08,32,180,-1,3
Jaime Andrés Valdés Zapata,40,348019200,1981/01/11,Liga NOS,2010/2011,Midfielder,Sporting CP,1432,590,842,Chile,24,11,13,5,2,3,0,0,0,1,0,9,5,4,13,6,7,5,0,0.31,0,0.31,0.31,0.32,286,0.82,110,60,286,0,0.31,38,336,-1,5
Jaime Daniel Melao Simoes,32,613526400,1989/06/11,Liga NOS,2010/2011,Defender,SC Beira-Mar,325,180,145,Portugal,5,2,3,0,0,0,0,0,0,0,0,1,1,0,6,2,4,0,0,0,0,0,0,0,0,1.66,54,65,0,0,0,230,144,133,19
James Rodriguez,30,679276800,1991/07/12,Liga NOS,2010/2011,Midfielder,Porto,948,471,477,Colombia,15,8,7,2,2,0,0,0,0,0,0,11,4,7,6,6,0,2,0,0.19,0,0.19,0.38,0,474,0.57,158,63,474,0,0.19,84,90,-1,7
Jan Oblak,28,726364800,1993/01/07,Liga NOS,2010/2011,Goalkeeper,SC Olhanense,0,0,0,Slovenia,0,0,0,0,0,0,0,0,0,0,0,0,0,0,0,0,0,0,0,0,0,0,0,0,0,0,0,0,0,0,0,-1,-1,-1,19
Jardel Nivaldo Vieira,35,512438400,1986/03/29,Liga NOS,2010/2011,Defender,Benfica,1922,910,1012,Brazil,24,12,12,1,1,0,0,0,0,0,0,8,5,3,16,5,11,7,1,0.05,0,0.05,0.1,0,1922,0.75,120,80,275,0,0.33,165,19,20,14
Javi García,34,539740800,1987/02/08,Liga NOS,2010/2011,Midfielder,Benfica,2092,1061,1031,Spain,24,12,12,2,1,1,0,0,0,0,0,11,6,5,22,11,11,9,1,0.09,0,0.09,0.08,0.09,1046,0.95,95,87,209,0,0.43,138,47,-1,12
Javier Antonio Cohene Mereles,34,546998400,1987/05/03,Liga NOS,2010/2011,Defender,Paços de Ferreira,1941,861,1080,Palestine,23,11,12,1,1,0,0,0,0,0,0,7,4,3,25,9,16,7,1,0.05,0,0.05,0.1,0,1941,1.16,78,84,277,0,0.32,175,303,77,13
Javier Pedro Saviola Fernández,39,376876800,1981/12/11,Liga NOS,2010/2011,Forward,Benfica,1916,1058,858,Argentina,24,13,11,9,4,5,0,0,0,1,0,13,7,6,15,9,6,2,0,0.42,0,0.42,0.34,0.52,213,0.7,128,80,958,0,0.09,19,45,-1,2
Jean Michel de Souza Bertasso,36,478915200,1985/03/06,Liga NOS,2010/2011,Defender,Vitória Setúbal,565,249,316,Brazil,11,7,4,1,1,0,0,0,0,0,0,2,1,1,7,4,3,1,0,0.16,0,0.16,0.36,0,565,1.12,81,51,565,0,0.16,95,176,72,5
Jean-Paul Yontcha,38,421718400,1983/05/14,Liga NOS,2010/2011,Forward,SC Olhanense,840,386,454,Cameroon,19,9,10,3,2,1,0,0,0,2,0,7,3,4,6,3,3,1,0,0.32,0,0.32,0.47,0.2,280,0.64,140,44,840,0,0.11,37,10,-1,3
Jeferson Miguel da Silva,35,506131200,1986/01/15,Liga NOS,2010/2011,Defender,Rio Ave FC,1702,900,802,Brazil,19,10,9,0,0,0,0,0,0,0,0,7,6,1,17,6,11,3,1,0,0,0,0,0,0,0.9,100,90,567,0,0.16,192,95,34,14
Jefferson Gomes de Oliveira,33,570153600,1988/01/26,Liga NOS,2010/2011,Forward,Vitória Setúbal,820,324,496,Brazil,19,8,11,0,0,0,0,0,0,0,0,7,4,3,9,1,8,2,0,0,0,0,0,0,0,0.99,91,43,410,0,0.22,287,173,-1,21
João Alexandre Duarte Ferreira Fernandes,41,315446400,1979/12/31,Liga NOS,2010/2011,Midfielder,Vitória Setúbal,1872,947,925,Portugal,25,13,12,5,5,0,0,0,0,1,0,7,3,4,24,15,9,8,0,0.24,0,0.24,0.48,0,374,1.15,78,75,234,0,0.38,59,185,-1,2
João Artur Rosa Alves,40,335404800,1980/08/18,Liga NOS,2010/2011,Midfielder,Vitória Guimarães,1532,662,870,Portugal,22,10,12,2,1,1,0,0,0,0,0,7,4,3,21,7,14,5,1,0.12,0,0.12,0.14,0.1,766,1.23,73,70,255,0,0.35,111,32,-1,7
João da Rocha Ribeiro,33,555811200,1987/08/13,Liga NOS,2010/2011,Midfielder,Vitória Guimarães,1813,996,817,Portugal,26,13,13,1,1,0,0,0,0,0,0,9,6,3,16,5,11,3,0,0.05,0,0.05,0.09,0,1813,0.79,113,70,604,0,0.15,176,11,-1,12
João Daniel Mendes Real,38,421632000,1983/05/13,Liga NOS,2010/2011,Defender,Naval 1º de Maio,1558,816,742,Portugal,19,10,9,0,0,0,0,0,0,0,0,2,1,1,25,14,11,4,0,0,0,0,0,0,0,1.44,62,82,390,0,0.23,221,150,114,16
João Gabriel Silva Ferreira,35,522979200,1986/07/29,Liga NOS,2010/2011,Goalkeeper,Associação Académica de Coimbra OAF,0,0,0,Portugal,0,0,0,0,0,0,0,0,0,0,0,0,0,0,0,0,0,0,0,0,0,0,0,0,0,0,0,0,0,0,0,-1,-1,-1,-1
João Guilherme Leme Amorim,35,514425600,1986/04/21,Liga NOS,2010/2011,Defender,CS Marítimo,879,462,417,Brazil,14,6,8,1,0,1,0,0,0,0,0,1,1,0,15,8,7,3,1,0.1,0,0.1,0,0.22,879,1.54,59,63,293,0,0.31,123,237,121,10
João Henrique Pataco Tomás,46,170380800,1975/05/27,Liga NOS,2010/2011,Forward,Rio Ave FC,2574,1340,1234,Portugal,29,15,14,16,9,7,0,0,0,2,0,10,7,3,31,12,19,5,1,0.56,0,0.56,0.6,0.51,161,1.08,83,89,429,0,0.21,9,276,-1,1
João Luiz Ramires Vieira,35,493689600,1985/08/24,Liga NOS,2010/2011,Midfielder,SC Beira-Mar,1725,819,906,Brazil,24,12,12,0,0,0,0,0,0,0,0,5,2,3,24,12,12,2,0,0,0,0,0,0,0,1.25,72,72,863,0,0.1,333,292,-1,23
João Miguel Coimbra Aurélio,32,587779200,1988/08/17,Liga NOS,2010/2011,Defender,CD Nacional,885,365,520,Portugal,18,7,11,0,0,0,0,0,0,0,0,7,3,4,11,3,8,3,1,0,0,0,0,0,0,1.12,80,49,221,0,0.41,327,277,73,23
João Moutinho,34,526521600,1986/09/08,Liga NOS,2010/2011,Midfielder,Porto,2198,1120,1078,Portugal,27,14,13,0,0,0,0,0,0,0,0,16,7,9,11,8,3,8,0,0,0,0,0,0,0,0.45,200,81,275,0,0.33,251,195,-1,22
Joao Nuno Cabral Pimenta,36,489974400,1985/07/12,Liga NOS,2010/2011,Forward,Vitória Setúbal,0,0,0,Portugal,0,0,0,0,0,0,0,0,0,0,0,0,0,0,0,0,0,0,0,0,0,0,0,0,0,0,0,0,0,0,0,-1,-1,-1,-1
João Paulo Andrade,40,360633600,1981/06/06,Liga NOS,2010/2011,Defender,Vitória Guimarães,1980,1080,900,Portugal,22,12,10,1,1,0,0,0,0,0,0,7,5,2,24,7,17,7,0,0.05,0,0.05,0.08,0,1980,1.09,83,90,283,0,0.32,164,143,69,10
João Paulo Di Fabio,42,287452800,1979/02/10,Liga NOS,2010/2011,Defender,Portimonense,1203,496,707,Brazil,15,6,9,0,0,0,0,0,0,0,0,2,1,1,23,8,15,8,0,0,0,0,0,0,0,1.72,52,80,150,0,0.6,272,219,136,27
João Paulo Santos de Oliveira,32,612057600,1989/05/25,Liga NOS,2010/2011,Defender,Portimonense,259,180,79,Brazil,3,2,1,0,0,0,0,0,0,0,0,1,1,0,6,4,2,3,0,0,0,0,0,0,0,2.08,43,86,86,0,1.04,-1,-1,-1,26
João Pedro,28,733795200,1993/04/03,Liga NOS,2010/2011,Midfielder,Vitória Guimarães,234,142,92,Portugal,6,3,3,0,0,0,0,0,0,0,0,2,1,1,2,1,1,1,0,0,0,0,0,0,0,0.77,117,39,234,0,0.38,-1,-1,-1,15
João Pedro da Silva Pereira,37,446515200,1984/02/25,Liga NOS,2010/2011,Defender,Sporting CP,2020,1027,993,Portugal,24,12,12,2,1,1,0,0,0,0,0,8,5,3,22,12,10,6,1,0.09,0,0.09,0.09,0.09,1010,0.98,92,84,289,0,0.31,135,333,52,7
João Pedro do Espirito Santo Gonçalves,33,569462400,1988/01/18,Liga NOS,2010/2011,Defender,SC Olhanense,1804,970,834,Portugal,21,11,10,1,1,0,0,0,0,0,0,8,5,3,16,6,10,6,0,0.05,0,0.05,0.09,0,1804,0.8,113,86,301,0,0.3,168,41,23,11
Joao Pedro Guerra Cunha,35,515548800,1986/05/04,Liga NOS,2010/2011,Forward,Naval 1º de Maio,1341,637,704,Portugal,26,13,13,2,2,0,0,0,0,0,0,4,2,2,21,8,13,0,0,0.13,0,0.13,0.28,0,671,1.41,64,52,0,0,0,103,208,-1,5
João Pedro Moreira Mendes,33,574992000,1988/03/22,Liga NOS,2010/2011,Forward,Rio Ave FC,207,54,153,Portugal,9,3,6,0,0,0,0,0,0,0,0,2,1,1,7,0,7,1,0,0,0,0,0,0,0,3.04,30,23,207,0,0.43,-1,-1,-1,20
João Pedro Pereira Silva,31,643248000,1990/05/21,Liga NOS,2010/2011,Forward,União de Leiria,751,359,392,Portugal,12,5,7,4,2,2,0,0,0,0,0,5,1,4,13,5,8,2,0,0.48,0,0.48,0.5,0.46,188,1.56,58,63,376,0,0.24,15,108,-1,2
Jonathas Ricardo Souza da Costa,36,481939200,1985/04/10,Liga NOS,2010/2011,Defender,Naval 1º de Maio,270,180,90,Brazil,3,2,1,0,0,0,0,0,0,0,0,1,0,1,4,4,0,1,0,0,0,0,0,0,0,1.33,68,90,270,0,0.33,-1,-1,-1,27
Jorge Carlos Santos Moreira Baptista,44,228787200,1977/04/02,Liga NOS,2010/2011,Goalkeeper,Naval 1º de Maio,180,90,90,Portugal,2,1,1,0,0,0,0,0,0,0,0,0,0,0,4,2,2,1,0,0,0,0,0,0,0,2,45,90,180,0,0.5,-1,-1,-1,28
Jorge Ciro Fucile Perdomo,36,469670400,1984/11/19,Liga NOS,2010/2011,Defender,Porto,1084,657,427,Uruguay,16,9,7,0,0,0,0,0,0,0,0,10,6,4,5,3,2,7,1,0,0,0,0,0,0,0.42,217,68,155,0,0.58,227,146,5,15
Jorge Da Costa Pires,40,354931200,1981/04/01,Liga NOS,2010/2011,Forward,Portimonense,1156,627,529,Portugal,21,12,9,4,3,1,0,0,0,0,0,2,1,1,24,15,9,1,0,0.31,0,0.31,0.43,0.17,289,1.87,48,55,1156,0,0.08,43,252,-1,1
Jorge Manuel Amador Galufo,43,265248000,1978/05/29,Liga NOS,2010/2011,Defender,Paços de Ferreira,1170,630,540,Portugal,13,7,6,1,1,0,0,0,0,0,0,3,2,1,14,7,7,1,0,0.08,0,0.08,0.14,0,1170,1.08,84,90,1170,0,0.08,142,313,66,7
Jorge Manuel Rebelo Fernandes,44,210384000,1976/09/01,Liga NOS,2010/2011,Midfielder,União de Leiria,999,505,494,Portugal,13,7,6,1,1,0,0,0,0,1,0,5,3,2,8,5,3,2,0,0.09,0,0.09,0.18,0,999,0.72,125,77,500,0,0.18,132,258,-1,10
Jorge Miguel Dias Gonçalves,37,436406400,1983/10/31,Liga NOS,2010/2011,Forward,SC Olhanense,2313,1240,1073,Portugal,29,15,14,0,0,0,0,0,0,0,0,10,5,5,26,13,13,3,0,0,0,0,0,0,0,1.01,89,80,771,0,0.12,310,14,-1,26
Jorge Miguel Oliveira Ribeiro,39,374112000,1981/11/09,Liga NOS,2010/2011,Defender,Vitória Guimarães,804,381,423,Portugal,14,6,8,2,0,2,0,0,0,0,0,5,3,2,5,1,4,6,0,0.22,0,0.22,0,0.43,402,0.56,161,57,134,0,0.67,70,134,12,6
José António dos Santos Silva,44,227145600,1977/03/14,Liga NOS,2010/2011,Defender,União de Leiria,2610,1350,1260,Portugal,29,15,14,1,0,1,0,0,0,0,0,10,4,6,32,18,14,2,0,0.03,0,0.03,0,0.07,2610,1.1,82,90,1305,0,0.07,190,284,70,8
Jose Carlos Coentrao Marafona,34,547430400,1987/05/08,Liga NOS,2010/2011,Goalkeeper,CS Marítimo,0,0,0,Portugal,0,0,0,0,0,0,0,0,0,0,0,0,0,0,0,0,0,0,0,0,0,0,0,0,0,0,0,0,0,0,0,-1,-1,-1,-1
José Carlos Gonçalves Rodrigues,32,588988800,1988/08/31,Liga NOS,2010/2011,Midfielder,Vitória Setúbal,1603,858,745,Greece,26,13,13,0,0,0,0,0,0,0,0,7,3,4,22,14,8,4,0,0,0,0,0,0,0,1.24,73,62,401,0,0.22,288,179,-1,18
Jose Edgar Andrade da Costa,34,545356800,1987/04/14,Liga NOS,2010/2011,Forward,CD Nacional,1557,862,695,Portugal,25,15,10,3,2,1,0,0,0,0,0,10,6,4,14,7,7,4,0,0.17,0,0.17,0.21,0.13,519,0.81,111,62,389,0,0.23,88,278,-1,4
José Filipe da Silva Moreira,39,385430400,1982/03/20,Liga NOS,2010/2011,Goalkeeper,Benfica,180,90,90,Portugal,2,1,1,0,0,0,0,0,0,0,0,0,0,0,2,1,1,0,0,0,0,0,0,0,0,1,90,90,0,0,0,-1,-1,-1,15
Jose Gaspar Silva Azevedo,46,170812800,1975/06/01,Liga NOS,2010/2011,Defender,Rio Ave FC,2340,1260,1080,Portugal,26,14,12,0,0,0,0,0,0,0,0,10,7,3,26,10,16,11,0,0,0,0,0,0,0,1,90,90,213,0,0.42,318,324,59,24
José Lionn Barbosa de Lucena,32,602035200,1989/01/29,Liga NOS,2010/2011,Defender,Rio Ave FC,575,358,217,Brazil,7,4,3,0,0,0,0,0,0,0,0,5,4,1,2,0,2,2,0,0,0,0,0,0,0,0.31,288,82,288,0,0.31,196,111,2,11
José Luis Fernández,33,562204800,1987/10/26,Liga NOS,2010/2011,Midfielder,Benfica,83,59,24,Argentina,2,1,1,0,0,0,0,0,0,0,0,0,0,0,0,0,0,0,0,0,0,0,0,0,0,0,0,42,0,0,0,-1,-1,-1,28
José Luis Mendes Lopes,28,717206400,1992/09/23,Liga NOS,2010/2011,Midfielder,Sporting CP,0,0,0,Guinea-Bissau,0,0,0,0,0,0,0,0,0,0,0,0,0,0,0,0,0,0,0,0,0,0,0,0,0,0,0,0,0,0,0,-1,-1,-1,-1
José Manuel Gomes da Silva,44,212371200,1976/09/24,Liga NOS,2010/2011,Defender,Rio Ave FC,1482,666,816,Portugal,20,9,11,1,1,0,0,0,0,0,0,6,3,3,22,8,14,7,0,0.06,0,0.06,0.14,0,1482,1.34,67,74,212,0,0.43,161,326,107,7
José Márcio da Costa,38,426124800,1983/07/04,Liga NOS,2010/2011,Midfielder,Sporting Braga,1168,822,346,Brazil,21,13,8,3,3,0,0,0,0,0,0,7,4,3,9,7,2,4,1,0.23,0,0.23,0.33,0,389,0.69,130,56,234,0,0.39,62,103,-1,7
José Mário Pinto dos Santos,32,616550400,1989/07/16,Liga NOS,2010/2011,Forward,Naval 1º de Maio,13,0,13,Portugal,1,0,1,0,0,0,0,0,0,0,0,1,0,1,0,0,0,0,0,0,0,0,0,0,0,0,0,13,0,0,0,-1,-1,-1,20
José Miguel Organista de Simões Aguiar,40,350092800,1981/02/04,Liga NOS,2010/2011,Defender,Vitória Setúbal,2553,1293,1260,Portugal,29,15,14,0,0,0,0,0,0,0,0,8,4,4,35,18,17,7,0,0,0,0,0,0,0,1.23,73,88,365,0,0.25,285,187,85,23
Jose Paulo Sousa da Silva,46,169171200,1975/05/13,Liga NOS,2010/2011,Midfielder,Paços de Ferreira,85,85,0,Portugal,1,1,0,0,0,0,0,0,0,0,0,0,0,0,1,1,0,0,0,0,0,0,0,0,0,1.06,85,85,0,0,0,-1,-1,-1,20
José Pedro Alves Salazar,42,277516800,1978/10/18,Liga NOS,2010/2011,Midfielder,Vitória Setúbal,804,376,428,Portugal,15,7,8,1,1,0,0,0,0,0,0,7,4,3,9,2,7,3,1,0.11,0,0.11,0.24,0,804,1.01,89,54,268,0,0.34,119,177,-1,12
Josef de Souza Dias,32,603158400,1989/02/11,Liga NOS,2010/2011,Midfielder,Porto,564,223,341,Brazil,12,5,7,0,0,0,0,0,0,0,0,8,2,6,6,4,2,1,0,0,0,0,0,0,0,0.96,94,47,564,0,0.16,252,318,-1,19
Júlio César Jacobi,34,526003200,1986/09/02,Liga NOS,2010/2011,Goalkeeper,Benfica,291,201,90,Brazil,4,3,1,0,0,0,0,0,0,0,0,1,1,0,5,3,2,1,1,0,0,0,0,0,0,1.55,58,73,146,0,0.62,299,82,125,21
Júlio Manuel Pires Coelho,37,458956800,1984/07/18,Liga NOS,2010/2011,Goalkeeper,Paços de Ferreira,90,90,0,Portugal,1,1,0,0,0,0,0,0,0,0,0,0,0,0,2,2,0,0,0,0,0,0,0,0,0,2,45,90,0,0,0,-1,-1,-1,22
Júlio Regufe Alves,30,678153600,1991/06/29,Liga NOS,2010/2011,Midfielder,Rio Ave FC,226,138,88,Portugal,9,4,5,0,0,0,0,0,0,0,0,5,3,2,2,2,0,0,0,0,0,0,0,0,0,0.8,113,25,0,0,0,-1,-1,-1,12
Júnio César Arcanjo,38,411091200,1983/01/11,Liga NOS,2010/2011,Midfielder,CD Nacional,153,22,131,Brazil,4,1,3,1,0,1,0,0,0,0,0,0,0,0,2,0,2,1,0,0.59,0,0.59,0,0.69,153,1.18,77,38,153,0,0.59,-1,-1,-1,8
Kamani Hill,35,504576000,1985/12/28,Liga NOS,2010/2011,Forward,Vitória Guimarães,0,0,0,USA,0,0,0,0,0,0,0,0,0,0,0,0,0,0,0,0,0,0,0,0,0,0,0,0,0,0,0,0,0,0,0,-1,-1,-1,-1
Kelvin Maynard,34,549244800,1987/05/29,Liga NOS,2010/2011,Defender,SC Olhanense,0,0,0,Netherlands,0,0,0,0,0,0,0,0,0,0,0,0,0,0,0,0,0,0,0,0,0,0,0,0,0,0,0,0,0,0,0,-1,-1,-1,-1
Kévin Gomis,32,601257600,1989/01/20,Liga NOS,2010/2011,Defender,Naval 1º de Maio,1585,815,770,France,21,11,10,2,1,1,0,0,0,2,0,3,1,2,29,16,13,5,1,0.11,0,0.11,0.11,0.12,793,1.65,55,75,264,0,0.34,120,203,132,4
Kheireddine Zarabi,37,458092800,1984/07/08,Liga NOS,2010/2011,Defender,Vitória Setúbal,0,0,0,Algeria,0,0,0,0,0,0,0,0,0,0,0,0,0,0,0,0,0,0,0,0,0,0,0,0,0,0,0,0,0,0,0,-1,-1,-1,-1
Kléber Laube Pinheiro,31,641606400,1990/05/02,Liga NOS,2010/2011,Forward,CS Marítimo,1336,681,655,Brazil,18,9,9,7,3,4,0,0,0,1,0,6,3,3,12,8,4,4,2,0.47,0,0.47,0.4,0.55,191,0.81,111,74,223,0,0.4,16,163,-1,2
Ladji Keita,38,420422400,1983/04/29,Liga NOS,2010/2011,Forward,Sporting Braga,295,205,90,Senegal,4,3,1,1,1,0,0,0,0,0,0,2,1,1,4,4,0,1,0,0.31,0,0.31,0.44,0,295,1.22,74,74,295,0,0.31,40,148,-1,15
Laionel Silva Ramalho,35,514944000,1986/04/27,Liga NOS,2010/2011,Forward,Associação Académica de Coimbra OAF,847,528,319,Brazil,26,15,11,5,2,3,0,0,0,0,0,7,5,2,15,8,7,3,0,0.53,0,0.53,0.34,0.85,169,1.59,56,33,282,0,0.32,11,69,-1,3
Leandro Ângelo Martins,39,388627200,1982/04/26,Liga NOS,2010/2011,Forward,SC Beira-Mar,1821,879,942,Brazil,27,13,14,9,4,5,0,0,0,0,0,4,2,2,21,10,11,4,0,0.44,0,0.44,0.41,0.48,202,1.04,87,67,455,0,0.2,18,288,-1,1
Leandro Damián Marcelo Grimi,36,476755200,1985/02/09,Liga NOS,2010/2011,Defender,Sporting CP,80,80,0,Argentina,2,2,0,0,0,0,0,0,0,0,0,0,0,0,2,2,0,2,0,0,0,0,0,0,0,2.25,40,40,40,0,2.25,-1,-1,-1,19
Leandro Freire de Araujo,31,619660800,1989/08/21,Liga NOS,2010/2011,Defender,Vitória Guimarães,863,450,413,Brazil,11,5,6,0,0,0,0,0,0,0,0,5,3,2,8,2,6,2,0,0,0,0,0,0,0,0.83,108,78,432,0,0.21,314,4,26,27
Leandro Salino do Carmo,36,482976000,1985/04/22,Liga NOS,2010/2011,Midfielder,Sporting Braga,1071,514,557,Brazil,19,10,9,1,1,0,0,0,0,0,0,8,5,3,13,4,9,5,1,0.08,0,0.08,0.18,0,1071,1.09,82,56,214,0,0.42,143,229,-1,12
Leonardo Fortunato dos Santos,38,416448000,1983/03/14,Liga NOS,2010/2011,Defender,Sporting Braga,97,7,90,Brazil,2,1,1,0,0,0,0,0,0,0,0,0,0,0,3,1,2,0,0,0,0,0,0,0,0,2.78,32,49,0,0,0,-1,-1,-1,18
Leonel Olímpio,39,394848000,1982/07/07,Liga NOS,2010/2011,Midfielder,Paços de Ferreira,2389,1094,1295,Brazil,28,13,15,1,1,0,0,0,0,1,0,8,4,4,31,14,17,7,1,0.04,0,0.04,0.08,0,2389,1.17,77,85,299,0,0.3,186,307,-1,11
Liédson da Silva Muniz,43,251164800,1977/12/17,Liga NOS,2010/2011,Forward,Sporting CP,1168,654,514,Portugal,14,8,6,6,4,2,0,0,0,0,0,5,3,2,13,8,5,3,0,0.46,0,0.46,0.55,0.35,195,1,90,83,389,0,0.23,17,334,-1,2
Lionel Jules Carole,30,671414400,1991/04/12,Liga NOS,2010/2011,Defender,Benfica,493,136,357,France,6,2,4,0,0,0,0,0,0,0,0,0,0,0,5,1,4,0,0,0,0,0,0,0,0,0.91,99,82,0,0,0,200,109,38,17
Louis Ángelo Peña Puentes,31,630547200,1989/12/25,Liga NOS,2010/2011,Midfielder,Portimonense,220,147,73,Venezuela,5,3,2,1,1,0,0,0,0,0,0,1,1,0,2,1,1,1,0,0.41,0,0.41,0.61,0,220,0.82,110,44,220,0,0.41,-1,-1,-1,8
Lucas de Deus Santos,38,402969600,1982/10/09,Liga NOS,2010/2011,Midfielder,União de Leiria,625,251,374,Brazil,12,5,7,0,0,0,0,0,0,0,0,4,0,4,7,3,4,1,0,0,0,0,0,0,0,1.01,89,52,625,0,0.14,216,116,-1,15
Lucas Espindola da Silva,31,641952000,1990/05/06,Liga NOS,2010/2011,Forward,Paços de Ferreira,32,15,17,Portugal,2,1,1,0,0,0,0,0,0,0,0,1,0,1,0,0,0,0,0,0,0,0,0,0,0,0,0,16,0,0,0,-1,-1,-1,21
Luciano Amaral da Silva Alves,38,403920000,1982/10/20,Liga NOS,2010/2011,Defender,CS Marítimo,1867,866,1001,Brazil,22,10,12,0,0,0,0,0,0,0,0,8,5,3,14,5,9,7,0,0,0,0,0,0,0,0.67,133,85,267,0,0.34,282,193,15,18
Luis Alberto Silva Dos Santos,37,437875200,1983/11/17,Liga NOS,2010/2011,Midfielder,CD Nacional,2187,1228,959,Brazil,25,14,11,3,2,1,0,0,0,0,0,9,6,3,22,8,14,9,1,0.12,0,0.12,0.15,0.09,729,0.91,99,87,243,0,0.37,107,263,-1,5
Luis Bernardo Aguiar Burgos,35,501033600,1985/11/17,Liga NOS,2010/2011,Midfielder,Sporting Braga,814,272,542,Uruguay,12,5,7,2,0,2,0,0,0,0,0,2,1,1,13,3,10,5,0,0.22,0,0.22,0,0.33,407,1.44,63,68,163,0,0.55,69,216,-1,9
Luís Fernando Gonçalves Fernandes Tinoco,34,529891200,1986/10/17,Liga NOS,2010/2011,Defender,SC Beira-Mar,22,0,22,Portugal,1,0,1,0,0,0,0,0,0,0,0,0,0,0,1,0,1,0,0,0,0,0,0,0,0,4.09,22,22,0,0,0,-1,-1,-1,21
Luís Filipe Ângelo Rodrigues Fernandes,42,298166400,1979/06/14,Liga NOS,2010/2011,Defender,Benfica,247,157,90,Portugal,3,2,1,0,0,0,0,0,0,0,0,0,0,0,3,1,2,1,0,0,0,0,0,0,0,1.09,82,82,247,0,0.36,-1,-1,-1,16
Luis Marcelo Morais dos Reis,31,639705600,1990/04/10,Liga NOS,2010/2011,Midfielder,SC Olhanense,428,237,191,Brazil,13,6,7,0,0,0,0,0,0,0,0,2,1,1,2,1,1,2,0,0,0,0,0,0,0,0.42,214,33,214,0,0.42,204,30,-1,22
Luís Miguel Afonso Fernandes,31,623635200,1989/10/06,Liga NOS,2010/2011,Midfielder,Paços de Ferreira,2013,1010,1003,Portugal,27,13,14,7,3,4,0,0,0,0,0,8,4,4,24,11,13,4,0,0.31,0,0.31,0.27,0.36,288,1.07,84,75,503,0,0.18,44,85,-1,2
Luis Miguel de Olim Andrade,39,367718400,1981/08/27,Liga NOS,2010/2011,Defender,CS Marítimo,36,0,36,Portugal,1,0,1,0,0,0,0,0,0,0,0,0,0,0,1,0,1,0,0,0,0,0,0,0,0,2.5,36,36,0,0,0,-1,-1,-1,20
Luiz Carlos Oliveira De Bitencourt,33,580435200,1988/05/24,Liga NOS,2010/2011,Goalkeeper,União de Leiria,0,0,0,Brazil,0,0,0,0,0,0,0,0,0,0,0,0,0,0,0,0,0,0,0,0,0,0,0,0,0,0,0,0,0,0,0,-1,-1,-1,-1
Luiz Felipe Ventura dos Santos,37,446256000,1984/02/22,Liga NOS,2010/2011,Goalkeeper,Sporting Braga,1080,540,540,Brazil,12,6,6,0,0,0,0,0,0,0,0,3,2,1,15,6,9,0,0,0,0,0,0,0,0,1.25,72,90,0,0,0,240,1,90,20
Luiz Fernando Nunes Duarte,40,344736000,1980/12/04,Liga NOS,2010/2011,Defender,Associação Académica de Coimbra OAF,1123,411,712,Brazil,14,5,9,0,0,0,0,0,0,0,0,4,2,2,17,1,16,5,0,0,0,0,0,0,0,1.36,66,80,225,0,0.4,215,154,110,14
Mahamadou Bamba N'Diaye,31,648518400,1990/07/21,Liga NOS,2010/2011,Defender,Vitória Guimarães,797,270,527,Mali,9,3,6,0,0,0,0,0,0,0,0,3,2,1,10,1,9,5,2,0,0,0,0,0,0,1.13,80,89,159,0,0.56,239,167,74,16
Maicon Pereira Roque,32,590198400,1988/09/14,Liga NOS,2010/2011,Defender,Porto,1630,826,804,Brazil,21,10,11,2,1,1,0,0,0,0,0,11,4,7,13,9,4,4,1,0.11,0,0.11,0.11,0.11,815,0.72,125,78,326,0,0.28,122,197,17,8
Mamadou Djikiné,34,548121600,1987/05/16,Liga NOS,2010/2011,Midfielder,Vitória Setúbal,154,61,93,Mali,3,1,2,1,0,1,0,0,0,0,0,0,0,0,5,3,2,0,0,0.58,0,0.58,0,0.97,154,2.92,31,51,0,0,0,-1,-1,-1,7
Mamadou Tall,38,407808000,1982/12/04,Liga NOS,2010/2011,Defender,União de Leiria,494,360,134,Burkina Faso,6,4,2,0,0,0,0,0,0,0,0,1,1,0,10,7,3,1,0,0,0,0,0,0,0,1.82,49,82,494,0,0.18,331,56,139,18
Manuel Augusto de Pinho Godinho,36,491702400,1985/08/01,Liga NOS,2010/2011,Midfielder,Naval 1º de Maio,278,69,209,Portugal,6,3,3,0,0,0,0,0,0,0,0,1,1,0,5,1,4,1,0,0,0,0,0,0,0,1.62,56,46,278,0,0.32,246,194,-1,21
Manuel José Azevedo Vieira,40,342748800,1980/11/11,Liga NOS,2010/2011,Midfielder,Paços de Ferreira,2127,1124,1003,Portugal,27,14,13,2,0,2,0,0,0,1,0,9,5,4,26,12,14,2,0,0.08,0,0.08,0,0.18,1064,1.1,82,79,1064,0,0.08,146,308,-1,4
Manuel José da Luz Correia Curto,35,521251200,1986/07/09,Liga NOS,2010/2011,Midfielder,Naval 1º de Maio,1444,720,724,Portugal,18,8,10,2,2,0,0,0,0,2,0,2,1,1,22,13,9,3,0,0.12,0,0.12,0.25,0,722,1.37,66,80,481,0,0.19,109,99,-1,7
Manuel Rolando Iturra Urrutia,37,456796800,1984/06/23,Liga NOS,2010/2011,Midfielder,União de Leiria,826,391,435,Chile,11,5,6,0,0,0,0,0,0,0,0,5,1,4,7,5,2,2,0,0,0,0,0,0,0,0.76,118,75,413,0,0.22,207,126,-1,13
Marat Izmailov,38,401414400,1982/09/21,Liga NOS,2010/2011,Midfielder,Sporting CP,177,151,26,Russia,3,2,1,0,0,0,0,0,0,0,0,0,0,0,3,2,1,0,0,0,0,0,0,0,0,1.53,59,59,0,0,0,-1,-1,-1,24
Marcelo Aparecido Toscano,36,484704000,1985/05/12,Liga NOS,2010/2011,Forward,Vitória Guimarães,1704,852,852,Brazil,25,13,12,4,1,3,0,0,0,1,0,6,5,1,23,7,16,3,0,0.21,0,0.21,0.11,0.32,426,1.21,74,68,568,0,0.16,71,136,-1,2
Marcelo Boeck,36,470448000,1984/11/28,Liga NOS,2010/2011,Goalkeeper,CS Marítimo,2700,1350,1350,Brazil,30,15,15,0,0,0,0,0,0,0,0,8,5,3,29,13,16,2,0,0,0,0,0,0,0,0.97,93,90,1350,0,0.07,274,249,48,17
Marcelo Moretto de Souza,43,263606400,1978/05/10,Liga NOS,2010/2011,Goalkeeper,SC Olhanense,1170,540,630,Brazil,13,6,7,0,0,0,0,0,0,0,0,4,3,1,11,2,9,4,0,0,0,0,0,0,0,0.85,106,90,293,0,0.31,307,64,28,24
Márcio André Encarnação Madeira,35,493257600,1985/08/19,Liga NOS,2010/2011,Midfielder,CD Nacional,61,24,37,Portugal,4,1,3,0,0,0,0,0,0,0,0,2,1,1,1,0,1,0,0,0,0,0,0,0,0,1.48,61,15,0,0,0,-1,-1,-1,15
Marco Aurélio Iubel,35,521164800,1986/07/08,Liga NOS,2010/2011,Forward,CS Marítimo,646,318,328,Brazil,12,6,6,2,0,2,0,0,0,0,0,3,2,1,9,2,7,3,0,0.28,0,0.28,0,0.55,323,1.25,72,54,215,0,0.42,47,241,-1,4
Marco Natanel Torsiglieri,33,568944000,1988/01/12,Liga NOS,2010/2011,Defender,Sporting CP,1221,645,576,Argentina,16,8,8,0,0,0,0,0,0,0,0,6,4,2,14,7,7,3,0,0,0,0,0,0,0,1.03,87,76,407,0,0.22,219,166,61,17
Marco Paulo da Silva Soares,37,456192000,1984/06/16,Liga NOS,2010/2011,Midfielder,União de Leiria,490,324,166,Cape Verde,8,5,3,0,0,0,0,0,0,0,0,3,2,1,6,3,3,1,0,0,0,0,0,0,0,1.1,82,61,490,0,0.18,340,59,-1,23
Marco Ramos,38,420163200,1983/04/26,Liga NOS,2010/2011,Defender,Sporting Braga,0,0,0,Portugal,0,0,0,0,0,0,0,0,0,0,0,0,0,0,0,0,0,0,0,0,0,0,0,0,0,0,0,0,0,0,0,-1,-1,-1,-1
Marcos Paulo Gelmini Gomes,33,584755200,1988/07/13,Liga NOS,2010/2011,Midfielder,União de Leiria,2022,1008,1014,Brazil,26,13,13,1,1,0,0,0,0,0,0,8,3,5,31,14,17,6,1,0.04,0,0.04,0.09,0,2022,1.38,65,78,337,0,0.27,184,43,-1,6
Mariano Nicolás González,40,357868800,1981/05/05,Liga NOS,2010/2011,Midfielder,Porto,207,73,134,Argentina,10,6,4,0,0,0,0,0,0,0,0,4,1,3,5,3,2,0,0,0,0,0,0,0,0,2.17,41,21,0,0,0,-1,-1,-1,25
Mário Jorge Malino Paulino,34,527644800,1986/09/21,Liga NOS,2010/2011,Defender,Naval 1º de Maio,1989,1066,923,Portugal,27,14,13,1,0,1,0,0,0,0,0,4,2,2,33,19,14,6,0,0.05,0,0.05,0,0.1,1989,1.49,60,74,332,0,0.27,167,207,119,11
Mário Jorge Quintas Felgueiras,34,534729600,1986/12/12,Liga NOS,2010/2011,Goalkeeper,Rio Ave FC,689,419,270,Portugal,8,5,3,0,0,0,0,0,0,0,0,2,1,1,12,7,5,0,0,0,0,0,0,0,0,1.57,57,86,0,0,0,291,327,129,21
Mario Júnior Rondón Fernández,35,512179200,1986/03/26,Liga NOS,2010/2011,Forward,Paços de Ferreira,2008,1077,931,Venezuela,27,14,13,9,6,3,0,0,0,0,0,9,5,4,27,16,11,7,1,0.4,0,0.4,0.5,0.29,223,1.21,74,74,287,0,0.31,21,305,-1,1
Mário Rui Correia Tomás,38,420163200,1983/04/26,Liga NOS,2010/2011,Forward,Naval 1º de Maio,1727,896,831,Portugal,26,14,12,2,1,1,0,0,0,0,0,3,2,1,31,16,15,3,0,0.1,0,0.1,0.1,0.11,864,1.62,56,66,576,0,0.16,130,209,-1,6
Markus Berger,36,475113600,1985/01/21,Liga NOS,2010/2011,Defender,Associação Académica de Coimbra OAF,2406,1260,1146,Austria,27,14,13,2,2,0,0,0,0,0,0,6,5,1,35,10,25,4,0,0.07,0,0.07,0.14,0,1203,1.31,69,89,602,0,0.15,156,79,104,8
Mateus Galiano da Costa,37,456364800,1984/06/18,Liga NOS,2010/2011,Forward,CD Nacional,1532,773,759,Angola,23,11,12,2,1,1,0,0,0,0,0,8,4,4,14,5,9,2,0,0.12,0,0.12,0.12,0.12,766,0.82,109,67,766,0,0.12,105,28,-1,6
Matheus Leite Nascimento,38,411436800,1983/01/15,Liga NOS,2010/2011,Forward,Sporting Braga,883,458,425,Brazil,13,6,7,2,1,1,0,0,0,0,0,3,2,1,13,5,8,2,1,0.2,0,0.2,0.2,0.21,442,1.33,68,68,294,0,0.31,76,224,-1,8
Matías Ariel Fernández Fernández,35,516499200,1986/05/15,Liga NOS,2010/2011,Midfielder,Sporting CP,1435,648,787,Chile,21,11,10,5,2,3,0,0,0,4,0,8,6,2,15,4,11,4,0,0.31,0,0.31,0.28,0.34,287,0.94,96,68,359,0,0.25,39,337,-1,4
Matome Calvin Kadi,33,566265600,1987/12/12,Liga NOS,2010/2011,Forward,Portimonense,1262,645,617,South Africa,22,10,12,1,1,0,0,0,0,0,0,2,1,1,16,7,9,2,0,0.07,0,0.07,0.14,0,1262,1.14,79,57,631,0,0.14,158,254,-1,12
Maurício Fernandes,45,205372800,1976/07/05,Liga NOS,2010/2011,Defender,SC Olhanense,2298,1244,1054,Brazil,26,14,12,3,1,2,0,0,0,0,0,9,5,4,25,12,13,13,1,0.12,0,0.12,0.07,0.17,766,0.98,92,88,164,0,0.55,108,22,53,2
Maykon Daniel Araújo,37,451267200,1984/04/20,Liga NOS,2010/2011,Defender,Paços de Ferreira,1693,823,870,Brazil,21,10,11,0,0,0,0,0,0,0,0,5,2,3,24,13,11,2,0,0,0,0,0,0,0,1.28,71,81,847,0,0.11,235,104,98,16
Michael Simões Domingues,30,668390400,1991/03/08,Liga NOS,2010/2011,Goalkeeper,União de Leiria,270,90,180,Portugal,3,1,2,0,0,0,0,0,0,0,0,1,0,1,6,3,3,0,0,0,0,0,0,0,0,2,45,90,0,0,0,-1,-1,-1,21
Michel Simplicio Rosseto,39,385948800,1982/03/26,Liga NOS,2010/2011,Forward,Naval 1º de Maio,1331,696,635,Brazil,22,11,11,2,1,1,0,0,0,0,0,3,2,1,22,13,9,3,0,0.14,0,0.14,0.13,0.14,666,1.49,61,61,444,0,0.2,99,202,-1,9
Miguel Ângelo Marques Granja,32,598320000,1988/12/17,Liga NOS,2010/2011,Defender,Paços de Ferreira,944,494,450,Portugal,13,6,7,0,0,0,0,0,0,0,0,3,2,1,14,9,5,1,0,0,0,0,0,0,0,1.33,67,73,944,0,0.1,257,310,105,25
Miguel Ângelo Moita Garcia,38,413164800,1983/02/04,Liga NOS,2010/2011,Defender,Sporting Braga,1494,701,793,Portugal,18,8,10,0,0,0,0,0,0,0,0,7,3,4,15,6,9,8,1,0,0,0,0,0,0,0.9,100,83,166,0,0.54,268,233,35,28
Miguel Martelo Lourenço,29,706924800,1992/05/27,Liga NOS,2010/2011,Defender,Vitória Setúbal,0,0,0,Portugal,0,0,0,0,0,0,0,0,0,0,0,0,0,0,0,0,0,0,0,0,0,0,0,0,0,0,0,0,0,0,0,-1,-1,-1,-1
Miloš Obradović,34,544060800,1987/03/30,Liga NOS,2010/2011,Defender,União de Leiria,0,0,0,Serbia,0,0,0,0,0,0,0,0,0,0,0,0,0,0,0,0,0,0,0,0,0,0,0,0,0,0,0,0,0,0,0,-1,-1,-1,-1
Moisés Moura Pinheiro,42,301708800,1979/07/25,Liga NOS,2010/2011,Defender,Sporting Braga,1078,450,628,Brazil,13,5,8,1,0,1,0,0,0,0,0,3,2,1,14,3,11,4,1,0.08,0,0.08,0,0.14,1078,1.17,77,83,216,0,0.42,148,231,79,13
Nejc Pečnik,35,505094400,1986/01/03,Liga NOS,2010/2011,Forward,CD Nacional,344,201,143,Slovenia,9,5,4,0,0,0,0,0,0,0,0,3,2,1,4,2,2,0,0,0,0,0,0,0,0,1.05,86,38,0,0,0,228,101,-1,16
Nélson Miguel Castro Oliveira,30,681609600,1991/08/08,Liga NOS,2010/2011,Forward,Paços de Ferreira,1101,475,626,Portugal,23,9,14,4,0,4,0,0,0,0,0,6,3,3,23,11,12,4,1,0.33,0,0.33,0,0.58,275,1.88,48,48,220,0,0.41,30,162,-1,3
Niamien Rodolph Amessan,30,654393600,1990/09/27,Liga NOS,2010/2011,Forward,Associação Académica de Coimbra OAF,0,0,0,Côte d'Ivoire,0,0,0,0,0,0,0,0,0,0,0,0,0,0,0,0,0,0,0,0,0,0,0,0,0,0,0,0,0,0,0,-1,-1,-1,-1
Nicolás Gaitán,33,572572800,1988/02/23,Liga NOS,2010/2011,Midfielder,Benfica,1971,948,1023,Argentina,26,12,14,7,3,4,0,0,0,0,0,12,6,6,17,9,8,2,0,0.32,0,0.32,0.28,0.35,282,0.78,116,76,986,0,0.09,35,26,-1,3
Nicolas Godemèche,37,456710400,1984/06/22,Liga NOS,2010/2011,Midfielder,Naval 1º de Maio,1927,1077,850,France,24,13,11,2,0,2,0,0,0,0,0,4,2,2,31,18,13,5,1,0.09,0,0.09,0,0.21,964,1.45,62,80,321,0,0.28,134,204,-1,8
Nicolas Otamendi,33,571622400,1988/02/12,Liga NOS,2010/2011,Defender,Porto,1187,540,647,Argentina,15,6,9,5,1,4,0,0,0,0,0,11,4,7,3,2,1,6,1,0.38,0,0.38,0.17,0.56,237,0.23,396,79,198,0,0.45,24,165,1,4
Nilson António da Veiga de Barros,34,555120000,1987/08/05,Liga NOS,2010/2011,Defender,Portimonense,930,644,286,Cape Verde,12,8,4,1,1,0,0,0,0,0,0,1,1,0,19,14,5,4,0,0.1,0,0.1,0.14,0,930,1.84,49,78,233,0,0.39,127,234,140,15
Nilson Corrêa Júnior,45,188784000,1975/12/26,Liga NOS,2010/2011,Goalkeeper,Vitória Guimarães,2700,1350,1350,Brazil,30,15,15,0,0,0,0,0,0,0,0,10,7,3,32,8,24,2,0,0,0,0,0,0,0,1.07,84,90,1350,0,0.07,313,7,65,19
Nuno Andre da Silva Coelho,35,505440000,1986/01/07,Liga NOS,2010/2011,Defender,Sporting CP,586,314,272,Portugal,9,5,4,0,0,0,0,0,0,0,0,4,3,1,5,1,4,0,0,0,0,0,0,0,0,0.77,117,65,0,0,0,290,339,22,21
Nuno Filipe Oliveira dos Santos,43,268790400,1978/07/09,Liga NOS,2010/2011,Goalkeeper,Portimonense,0,0,0,Portugal,0,0,0,0,0,0,0,0,0,0,0,0,0,0,0,0,0,0,0,0,0,0,0,0,0,0,0,0,0,0,0,-1,-1,-1,-1
Nuno Filipe Oliveira dos Santos,41,330220800,1980/06/19,Liga NOS,2010/2011,Defender,Paços de Ferreira,426,187,239,Portugal,14,6,8,0,0,0,0,0,0,0,0,3,2,1,5,0,5,2,0,0,0,0,0,0,0,1.06,85,30,213,0,0.42,259,320,64,23
Nuno Miguel Fidalgo dos Santos,39,385344000,1982/03/19,Liga NOS,2010/2011,Forward,Associação Académica de Coimbra OAF,1426,918,508,Portugal,23,14,9,8,5,3,0,0,0,0,0,4,4,0,20,11,9,3,0,0.5,0,0.5,0.49,0.53,178,1.26,71,62,475,0,0.19,14,70,-1,1
Nuno Miguel Pereira Sousa,42,289699200,1979/03/08,Liga NOS,2010/2011,Defender,CS Marítimo,1080,540,540,Portugal,12,6,6,0,0,0,0,0,0,0,0,5,3,2,9,4,5,3,0,0,0,0,0,0,0,0.75,120,90,360,0,0.25,281,214,19,22
Nuno Miguel Prata Coelho,33,564624000,1987/11/23,Liga NOS,2010/2011,Midfielder,Associação Académica de Coimbra OAF,1475,634,841,Portugal,18,8,10,0,0,0,0,0,0,0,0,3,2,1,27,7,20,6,1,0,0,0,0,0,0,1.65,55,82,211,0,0.43,293,74,-1,22
Nuno Miguel Soares Pereira Ribeiro,45,205372800,1976/07/05,Liga NOS,2010/2011,Forward,Benfica,54,33,21,Portugal,6,4,2,4,2,2,0,0,0,0,0,1,1,0,1,1,0,0,0,6.67,0,6.67,5.45,8.57,14,1.67,54,9,0,0,0,-1,-1,-1,6
Nuno Miguel Sousa Pinto,34,523670400,1986/08/06,Liga NOS,2010/2011,Defender,CD Nacional,1254,639,615,Portugal,16,8,8,1,1,0,0,0,0,0,0,6,3,3,7,3,4,5,1,0.07,0,0.07,0.14,0,1254,0.5,179,78,251,0,0.36,159,266,8,13
Nuno Miguel Torres Piloto Albuquerque,39,385344000,1982/03/19,Liga NOS,2010/2011,Midfielder,SC Olhanense,1697,805,892,Portugal,19,9,10,2,2,0,0,0,0,0,0,9,4,5,15,8,7,4,0,0.11,0,0.11,0.22,0,849,0.8,113,89,424,0,0.21,114,18,-1,4
Nuno Ricardo de Oliveira Ribeiro,43,248054400,1977/11/11,Liga NOS,2010/2011,Midfielder,Sporting CP,1243,494,749,Portugal,17,7,10,1,0,1,0,0,0,0,0,5,3,2,12,3,9,6,1,0.07,0,0.07,0,0.12,1243,0.87,104,73,178,0,0.51,152,338,-1,11
Oliveira Almeida Anderson do Oliveira,40,345600000,1980/12/14,Liga NOS,2010/2011,Defender,Vitória Setúbal,1379,578,801,Brazil,18,8,10,1,1,0,0,0,0,0,0,6,3,3,16,5,11,6,0,0.07,0,0.07,0.16,0,1379,1.04,86,77,230,0,0.39,155,186,62,8
Orestes Júnior Alves,40,354240000,1981/03/24,Liga NOS,2010/2011,Defender,Naval 1º de Maio,1174,496,678,Brazil,14,6,8,0,0,0,0,0,0,0,0,1,1,0,22,6,16,2,0,0,0,0,0,0,0,1.69,53,84,587,0,0.15,218,152,134,18
Orlando Carlos Braga de Sá,33,580608000,1988/05/26,Liga NOS,2010/2011,Forward,CD Nacional,1001,535,466,Portugal,16,8,8,3,3,0,0,0,0,0,0,6,3,3,5,2,3,3,0,0.27,0,0.27,0.5,0,334,0.45,200,63,334,0,0.27,50,260,-1,3
Oscar René Cardozo Marín,38,422236800,1983/05/20,Liga NOS,2010/2011,Forward,Benfica,1768,834,934,Paraguay,22,11,11,12,6,6,0,0,0,1,0,9,4,5,14,6,8,3,1,0.61,0,0.61,0.65,0.58,147,0.71,126,80,442,0,0.2,8,62,-1,1
Ozéia de Paulo Maciel,39,378777600,1982/01/02,Liga NOS,2010/2011,Defender,Paços de Ferreira,1170,630,540,Brazil,13,7,6,1,1,0,0,0,0,0,0,5,3,2,18,11,7,5,0,0.08,0,0.08,0.14,0,1170,1.38,65,90,234,0,0.38,140,106,112,8
Pablo César Aimar Giordano,41,310435200,1979/11/03,Liga NOS,2010/2011,Midfielder,Benfica,1649,1097,552,Argentina,23,15,8,5,4,1,0,0,0,0,0,10,7,3,18,8,10,5,0,0.27,0,0.27,0.33,0.16,330,0.98,92,72,330,0,0.27,52,48,-1,5
Padraig Amond,33,577065600,1988/04/15,Liga NOS,2010/2011,Forward,Paços de Ferreira,287,167,120,Republic of Ireland,17,9,8,0,0,0,0,0,0,0,0,4,3,1,3,2,1,0,0,0,0,0,0,0,0,0.94,96,17,0,0,0,211,160,-1,15
Papa Babacar Diawara,33,568339200,1988/01/05,Liga NOS,2010/2011,Forward,CS Marítimo,2520,1184,1336,Senegal,29,14,15,11,5,6,0,0,0,0,0,8,5,3,28,12,16,4,1,0.39,0,0.39,0.38,0.4,229,1,90,87,630,0,0.14,22,242,-1,1
Pape Amodou Sougou,36,472176000,1984/12/18,Liga NOS,2010/2011,Forward,Associação Académica de Coimbra OAF,2335,1146,1189,Senegal,28,14,14,6,3,3,0,0,0,2,0,7,5,2,36,8,28,9,1,0.23,0,0.23,0.24,0.23,389,1.39,65,83,259,0,0.35,65,72,-1,2
Pape Habib Sow,35,502329600,1985/12/02,Liga NOS,2010/2011,Midfielder,Associação Académica de Coimbra OAF,890,489,401,Senegal,14,7,7,0,0,0,0,0,0,0,0,4,3,1,16,5,11,3,2,0,0,0,0,0,0,1.62,56,64,178,0,0.51,306,66,-1,19
Patrick Fabionn Lopes,40,335577600,1980/08/20,Liga NOS,2010/2011,Defender,União de Leiria,2105,1153,952,Brazil,25,14,11,0,0,0,0,0,0,0,0,8,3,5,32,17,15,7,0,0,0,0,0,0,0,1.37,66,84,301,0,0.3,317,55,111,20
Patrick Leonardo Carneiro da Silva,30,651369600,1990/08/23,Liga NOS,2010/2011,Forward,Portimonense,256,74,182,Brazil,8,4,4,0,0,0,0,0,0,0,0,2,1,1,3,1,2,1,0,0,0,0,0,0,0,1.05,85,32,256,0,0.35,-1,-1,-1,18
Paulo Afonso Santos Júnior,38,397440000,1982/08/06,Liga NOS,2010/2011,Defender,Sporting Braga,1506,671,835,Brazil,19,9,10,2,2,0,0,0,0,0,0,7,3,4,10,4,6,2,0,0.12,0,0.12,0.27,0,753,0.6,151,79,753,0,0.12,110,221,14,10
Paulo César da Silva Peixoto,41,326937600,1980/05/12,Liga NOS,2010/2011,Defender,Benfica,895,380,515,Portugal,16,8,8,0,0,0,0,0,0,0,0,7,4,3,5,2,3,4,0,0,0,0,0,0,0,0.5,179,56,224,0,0.4,316,52,7,23
Paulo César Rocha Rosa,41,315878400,1980/01/05,Liga NOS,2010/2011,Forward,Sporting Braga,1468,599,869,Brazil,21,9,12,5,4,1,0,0,0,0,0,9,5,4,17,6,11,3,0,0.31,0,0.31,0.6,0.1,294,1.04,86,70,489,0,0.18,42,226,-1,2
Paulo Jorge da Silva dos Santos,48,92880000,1972/12/11,Liga NOS,2010/2011,Goalkeeper,Rio Ave FC,2011,931,1080,Portugal,23,11,12,0,0,0,0,0,0,0,0,10,7,3,19,5,14,2,0,0,0,0,0,0,0,0.85,106,87,1006,0,0.09,322,272,30,19
Paulo Oliveira,29,694828800,1992/01/08,Liga NOS,2010/2011,Defender,Vitória Guimarães,0,0,0,Portugal,0,0,0,0,0,0,0,0,0,0,0,0,0,0,0,0,0,0,0,0,0,0,0,0,0,0,0,0,0,0,0,-1,-1,-1,-1
Paulo Rafael Grilo Neves,29,682560000,1991/08/19,Liga NOS,2010/2011,Midfielder,Associação Académica de Coimbra OAF,176,73,103,Portugal,5,3,2,0,0,0,0,0,0,0,0,2,2,0,3,1,2,2,0,0,0,0,0,0,0,1.53,59,35,88,0,1.02,-1,-1,-1,13
Paulo Renato Valério Calado Rodrigues,34,547948800,1987/05/14,Liga NOS,2010/2011,Defender,SC Olhanense,0,0,0,Portugal,0,0,0,0,0,0,0,0,0,0,0,0,0,0,0,0,0,0,0,0,0,0,0,0,0,0,0,0,0,0,0,-1,-1,-1,-1
Paulo Roberto Costa Regula,32,605664000,1989/03/12,Liga NOS,2010/2011,Midfielder,Vitória Setúbal,124,27,97,Portugal,4,1,3,0,0,0,0,0,0,0,0,0,0,0,1,0,1,2,0,0,0,0,0,0,0,0.73,124,31,62,0,1.45,-1,-1,-1,17
Paulo Sérgio Ferreira Gomes,40,364521600,1981/07/21,Liga NOS,2010/2011,Midfielder,União de Leiria,1338,699,639,Brazil,17,9,8,0,0,0,0,0,0,0,0,7,4,3,16,9,7,11,1,0,0,0,0,0,0,1.08,84,79,122,0,0.74,342,171,-1,26
Paulo Sergio Moreira Goncalves,37,443750400,1984/01/24,Liga NOS,2010/2011,Forward,SC Olhanense,2027,861,1166,Portugal,24,10,14,2,1,1,0,0,0,0,0,9,4,5,21,6,15,6,1,0.09,0,0.09,0.1,0.08,1014,0.93,97,84,338,0,0.27,133,15,-1,5
Paulo Vinícius de Souza Nascimento,36,461116800,1984/08/12,Liga NOS,2010/2011,Defender,União de Leiria,1818,824,994,Brazil,23,10,13,1,0,1,0,0,0,0,0,9,3,6,14,7,7,6,2,0.05,0,0.05,0,0.09,1818,0.69,130,79,303,0,0.3,171,283,16,11
Pavel Pinto Vieira,29,698112000,1992/02/15,Liga NOS,2010/2011,Midfielder,SC Olhanense,1,1,0,Guinea-Bissau,1,1,0,0,0,0,0,0,0,0,0,0,0,0,0,0,0,0,0,0,0,0,0,0,0,0,0,1,0,0,0,-1,-1,-1,28
Pawel Kieszek,37,450921600,1984/04/16,Liga NOS,2010/2011,Goalkeeper,Porto,10,0,10,Poland,1,0,1,0,0,0,0,0,0,0,0,1,0,1,0,0,0,0,0,0,0,0,0,0,0,0,0,10,0,0,0,-1,-1,-1,12
Pedro Alves da Silva,40,357004800,1981/04/25,Liga NOS,2010/2011,Defender,Portimonense,1594,895,699,Brazil,21,11,10,2,0,2,0,0,0,0,0,3,1,2,25,14,11,14,3,0.11,0,0.11,0,0.26,797,1.41,64,76,106,0,0.85,115,151,113,5
Pedro António Coelho Moreira,37,435715200,1983/10/23,Liga NOS,2010/2011,Defender,SC Beira-Mar,2472,1132,1340,Portugal,28,13,15,0,0,0,0,0,0,0,0,4,1,3,36,17,19,7,0,0,0,0,0,0,0,1.31,69,88,353,0,0.25,334,285,103,20
Pedro Henrique Oldoni do Nascimento,35,496540800,1985/09/26,Liga NOS,2010/2011,Forward,CD Nacional,27,0,27,Brazil,1,0,1,0,0,0,0,0,0,0,0,1,0,1,0,0,0,0,0,0,0,0,0,0,0,0,0,27,0,0,0,-1,-1,-1,24
Pedro Joaquim Fortunato Moita,41,313977600,1979/12/14,Liga NOS,2010/2011,Midfielder,Portimonense,19,0,19,Portugal,1,0,1,0,0,0,0,0,0,0,0,0,0,0,1,0,1,0,0,0,0,0,0,0,0,4.74,19,19,0,0,0,-1,-1,-1,28
Pedro José da Silva Trigueira,33,568252800,1988/01/04,Liga NOS,2010/2011,Goalkeeper,Rio Ave FC,0,0,0,Portugal,1,0,1,0,0,0,0,0,0,0,0,0,0,0,0,0,0,0,0,0,0,0,0,0,0,0,0,0,0,0,0,-1,-1,-1,-1
Pedro Manuel da Silva Moreira,32,605923200,1989/03/15,Liga NOS,2010/2011,Midfielder,Portimonense,981,503,478,Portugal,21,11,10,2,2,0,0,0,0,0,0,3,1,2,21,11,10,2,0,0.18,0,0.18,0.36,0,491,1.93,47,47,491,0,0.18,85,235,-1,7
Pedro Manuel Freitas da Silva,47,130377600,1974/02/18,Liga NOS,2010/2011,Goalkeeper,Portimonense,180,0,180,Portugal,2,0,2,0,0,0,0,0,0,0,0,0,0,0,6,0,6,1,0,0,0,0,0,0,0,3,30,90,180,0,0.5,-1,-1,-1,22
Pedro Miguel Barbosa Queirós,36,460771200,1984/08/08,Liga NOS,2010/2011,Defender,Paços de Ferreira,180,90,90,Portugal,4,2,2,0,0,0,0,0,0,0,0,1,1,0,2,1,1,0,0,0,0,0,0,0,0,1,90,45,0,0,0,-1,-1,-1,18
Pedro Miguel da Silva Mendes,42,288835200,1979/02/26,Liga NOS,2010/2011,Midfielder,Sporting CP,541,239,302,Portugal,7,3,4,0,0,0,0,0,0,0,0,1,0,1,9,6,3,3,0,0,0,0,0,0,0,1.5,60,77,180,0,0.5,194,96,-1,15
Pedro Miguel da Silva Rocha,36,478915200,1985/03/06,Liga NOS,2010/2011,Defender,Associação Académica de Coimbra OAF,1800,810,990,Portugal,20,9,11,0,0,0,0,0,0,0,0,6,4,2,26,6,20,3,0,0,0,0,0,0,0,1.3,69,90,600,0,0.15,303,77,100,23
Pedro Miguel de Castro Brandão Costa,39,375148800,1981/11/21,Liga NOS,2010/2011,Defender,Associação Académica de Coimbra OAF,845,447,398,Portugal,11,5,6,0,0,0,0,0,0,0,0,1,0,1,18,8,10,2,0,0,0,0,0,0,0,1.92,47,77,423,0,0.21,304,68,142,25
Peter Terna Suswam,29,684028800,1991/09/05,Liga NOS,2010/2011,Defender,Vitória Setúbal,0,0,0,Nigeria,0,0,0,0,0,0,0,0,0,0,0,0,0,0,0,0,0,0,0,0,0,0,0,0,0,0,0,0,0,0,0,-1,-1,-1,-1
Peterson dos Santos Peçanha,41,316396800,1980/01/11,Liga NOS,2010/2011,Goalkeeper,CS Marítimo,0,0,0,Brazil,0,0,0,0,0,0,0,0,0,0,0,0,0,0,0,0,0,0,0,0,0,0,0,0,0,0,0,0,0,0,0,-1,-1,-1,-1
Peterson Joseph,31,640915200,1990/04/24,Liga NOS,2010/2011,Midfielder,Sporting Braga,0,0,0,Haiti,0,0,0,0,0,0,0,0,0,0,0,0,0,0,0,0,0,0,0,0,0,0,0,0,0,0,0,0,0,0,0,-1,-1,-1,-1
Philipe Fidélis dos Santos,32,613785600,1989/06/14,Liga NOS,2010/2011,Forward,CS Marítimo,39,27,12,Brazil,4,2,2,0,0,0,0,0,0,0,0,1,0,1,0,0,0,0,0,0,0,0,0,0,0,0,0,10,0,0,0,-1,-1,-1,23
Radamel Falcao,35,508377600,1986/02/10,Liga NOS,2010/2011,Forward,Porto,1797,926,871,Colombia,22,11,11,16,12,4,0,0,0,0,0,12,5,7,11,7,4,1,0,0.8,0,0.8,1.17,0.41,112,0.55,163,82,1797,0,0.05,3,257,-1,2
Rafael Miranda da Conceição,36,461030400,1984/08/11,Liga NOS,2010/2011,Midfielder,CS Marítimo,2318,1122,1196,Brazil,29,15,14,0,0,0,0,0,0,0,0,8,5,3,26,11,15,4,0,0,0,0,0,0,0,1.01,89,80,580,0,0.16,278,243,-1,25
Rafael Schuler Crivellaro,32,603763200,1989/02/18,Liga NOS,2010/2011,Midfielder,Vitória Guimarães,47,47,0,Brazil,2,2,0,0,0,0,0,0,0,0,0,2,2,0,0,0,0,0,0,0,0,0,0,0,0,0,0,24,0,0,0,-1,-1,-1,17
Rafael Wihby Bracalli,40,357868800,1981/05/05,Liga NOS,2010/2011,Goalkeeper,CD Nacional,2700,1350,1350,Brazil,30,15,15,0,0,0,0,0,0,0,0,11,6,5,27,9,18,2,0,0,0,0,0,0,0,0.9,100,90,1350,0,0.07,324,270,36,18
Renan Fernandes Garcia,35,519523200,1986/06/19,Liga NOS,2010/2011,Midfielder,SC Beira-Mar,2537,1288,1249,Brazil,30,15,15,3,2,1,0,0,0,0,0,6,3,3,32,16,16,4,0,0.11,0,0.11,0.14,0.07,846,1.14,79,85,634,0,0.14,113,293,-1,6
Renan Teixeira da Silva,36,480902400,1985/03/29,Liga NOS,2010/2011,Midfielder,Vitória Guimarães,865,401,464,Brazil,12,5,7,1,1,0,0,0,0,0,0,5,3,2,8,1,7,2,0,0.1,0,0.1,0.22,0,865,0.83,108,72,433,0,0.21,129,121,-1,11
Renato Carlos Martins Júnior,34,547948800,1987/05/14,Liga NOS,2010/2011,Forward,Portimonense,289,135,154,Brazil,5,2,3,1,1,0,0,0,0,0,0,0,0,0,5,2,3,2,0,0.31,0,0.31,0.67,0,289,1.56,58,58,145,0,0.62,41,158,-1,11
Renato da Rosa Saldanha,37,443491200,1984/01/21,Liga NOS,2010/2011,Defender,União de Leiria,0,0,0,Brazil,0,0,0,0,0,0,0,0,0,0,0,0,0,0,0,0,0,0,0,0,0,0,0,0,0,0,0,0,0,0,0,-1,-1,-1,-1
Rene Mihelič,33,584064000,1988/07/05,Liga NOS,2010/2011,Midfielder,CD Nacional,735,472,263,Slovenia,14,8,6,1,0,1,0,0,0,0,0,3,2,1,10,5,5,2,0,0.12,0,0.12,0,0.34,735,1.22,74,53,368,0,0.24,112,290,-1,9
Ricardo Alberto Medeiros Chaves,43,246758400,1977/10/27,Liga NOS,2010/2011,Midfielder,Rio Ave FC,1031,630,401,Portugal,14,8,6,0,0,0,0,0,0,0,0,4,2,2,16,9,7,3,0,0,0,0,0,0,0,1.4,64,74,344,0,0.26,266,328,-1,9
Ricardo da Costa Pateiro,41,328579200,1980/05/31,Liga NOS,2010/2011,Midfielder,União de Leiria,1619,859,760,Portugal,24,14,10,0,0,0,0,0,0,0,0,7,3,4,25,15,10,7,0,0,0,0,0,0,0,1.39,65,67,231,0,0.39,338,86,-1,25
Ricardo Emídio Ramalho da Silva,45,180921600,1975/09/26,Liga NOS,2010/2011,Defender,Vitória Setúbal,2312,1162,1150,Portugal,26,13,13,1,0,1,0,0,0,0,0,7,3,4,33,17,16,7,1,0.04,0,0.04,0,0.08,2312,1.28,70,89,330,0,0.27,181,188,96,6
Ricardo Filipe Esteves dos Santos,41,306288000,1979/09/16,Liga NOS,2010/2011,Midfielder,CS Marítimo,1571,731,840,Portugal,20,9,11,0,0,0,0,0,0,0,0,4,3,1,18,6,12,9,0,0,0,0,0,0,0,1.03,87,79,175,0,0.52,267,244,-1,26
Ricardo Filipe Rodrigues Matos,42,287884800,1979/02/15,Liga NOS,2010/2011,Goalkeeper,Vitória Setúbal,7,7,0,Portugal,1,1,0,0,0,0,0,0,0,0,0,0,0,0,0,0,0,0,0,0,0,0,0,0,0,0,0,7,0,0,0,-1,-1,-1,15
Ricardo Jorge Cecilia Batista,34,532742400,1986/11/19,Liga NOS,2010/2011,Goalkeeper,SC Olhanense,989,449,540,Portugal,11,5,6,0,0,0,0,0,0,0,0,4,1,3,12,6,6,2,1,0,0,0,0,0,0,1.09,82,90,330,0,0.27,312,8,68,20
Ricardo Jorge Ferreira Pinto da Silva,40,335491200,1980/08/19,Liga NOS,2010/2011,Defender,Vitória Guimarães,1486,810,676,Cape Verde,17,9,8,0,0,0,0,0,0,0,0,4,4,0,21,6,15,5,0,0,0,0,0,0,0,1.27,71,87,297,0,0.3,224,142,93,21
Ricardo Jorge Novo Nunes,39,394761600,1982/07/06,Liga NOS,2010/2011,Goalkeeper,Associação Académica de Coimbra OAF,0,0,0,Portugal,0,0,0,0,0,0,0,0,0,0,0,0,0,0,0,0,0,0,0,0,0,0,0,0,0,0,0,0,0,0,0,-1,-1,-1,-1
Ricardo Jorge Rodrigues Pessoa,39,381715200,1982/02/05,Liga NOS,2010/2011,Defender,Portimonense,2596,1336,1260,Portugal,29,15,14,3,1,2,0,0,0,3,0,3,2,1,47,24,23,4,0,0.1,0,0.1,0.07,0.14,865,1.63,55,90,649,0,0.14,124,217,130,2
Ricardo José Vaz Alves Monteiro,37,434332800,1983/10/07,Liga NOS,2010/2011,Midfielder,Rio Ave FC,2273,1100,1173,Portugal,28,13,15,2,0,2,0,0,0,0,0,10,6,4,27,10,17,10,0,0.08,0,0.08,0,0.15,1137,1.07,84,81,227,0,0.4,149,299,-1,5
Ricardo Manuel da Silva Fernandes,43,253584000,1978/01/14,Liga NOS,2010/2011,Defender,Rio Ave FC,0,0,0,Portugal,0,0,0,0,0,0,0,0,0,0,0,0,0,0,0,0,0,0,0,0,0,0,0,0,0,0,0,0,0,0,0,-1,-1,-1,-1
Ricardo Miguel Coelho Fernandes,29,686102400,1991/09/29,Liga NOS,2010/2011,Midfielder,CD Nacional,19,0,19,Portugal,1,0,1,0,0,0,0,0,0,0,0,0,0,0,1,0,1,1,0,0,0,0,0,0,0,4.74,19,19,19,0,4.74,-1,-1,-1,17
Ricardo Nuno Oliveira da Rocha,38,406425600,1982/11/18,Liga NOS,2010/2011,Defender,SC Beira-Mar,138,98,40,Portugal,4,3,1,0,0,0,0,0,0,0,0,1,1,0,3,2,1,0,0,0,0,0,0,0,0,1.96,46,35,0,0,0,-1,-1,-1,15
Ricardo Nuno Queiros Nascimento,47,135561600,1974/04/19,Liga NOS,2010/2011,Midfielder,Portimonense,1166,540,626,Portugal,13,6,7,0,0,0,0,0,0,0,0,3,1,2,16,7,9,4,1,0,0,0,0,0,0,1.23,73,90,292,0,0.31,213,120,-1,19
Roberto,35,508377600,1986/02/10,Liga NOS,2010/2011,Goalkeeper,Benfica,2226,1056,1170,Spain,25,12,13,0,0,0,0,0,0,0,0,13,7,6,20,8,12,2,0,0,0,0,0,0,0,0.81,111,89,1113,0,0.08,305,54,24,18
Roberto Sousa Rezende,36,474854400,1985/01/18,Liga NOS,2010/2011,Midfielder,CS Marítimo,1489,673,816,Spain,21,9,12,0,0,0,0,0,0,0,0,5,2,3,14,7,7,7,0,0,0,0,0,0,0,0.85,106,71,213,0,0.42,277,245,-1,27
Robin Prévitali,34,549849600,1987/06/05,Liga NOS,2010/2011,Forward,Naval 1º de Maio,554,408,146,France,11,7,4,1,1,0,0,0,0,0,0,3,2,1,6,4,2,1,0,0.16,0,0.16,0.22,0,554,0.97,92,50,554,0,0.16,96,210,-1,10
Robson Severino da Silva,38,426643200,1983/07/10,Liga NOS,2010/2011,Defender,CS Marítimo,2340,1170,1170,Brazil,26,13,13,0,0,0,0,0,0,0,0,8,5,3,22,9,13,11,1,0,0,0,0,0,0,0.85,106,90,213,0,0.42,275,248,29,21
Roderick Jefferson Gonçalves Miranda,30,670291200,1991/03/30,Liga NOS,2010/2011,Defender,Benfica,377,180,197,Portugal,5,2,3,0,0,0,0,0,0,0,0,0,0,0,4,1,3,1,0,0,0,0,0,0,0,0.95,94,75,377,0,0.24,300,81,44,20
Rodrigo José Lima Dos Santos,38,421459200,1983/05/11,Liga NOS,2010/2011,Forward,Sporting Braga,1954,925,1029,Brazil,28,13,15,6,4,2,0,0,0,0,0,8,3,5,19,9,10,0,0,0.28,0,0.28,0.39,0.17,326,0.88,103,70,0,0,0,45,227,-1,1
Rodrigo Silva,38,424483200,1983/06/15,Liga NOS,2010/2011,Forward,União de Leiria,226,85,141,Brazil,7,4,3,0,0,0,0,0,0,0,0,3,2,1,2,0,2,0,0,0,0,0,0,0,0,0.8,113,32,0,0,0,-1,-1,-1,16
Rogério Alves Nunes,36,475804800,1985/01/29,Liga NOS,2010/2011,Forward,Vitória Guimarães,437,228,209,Brazil,10,6,4,3,3,0,0,0,0,0,0,3,3,0,7,3,4,1,0,0.62,0,0.62,1.18,0,146,1.44,62,44,437,0,0.21,7,135,-1,3
Rogério dos Santos Conceição,36,464486400,1984/09/20,Liga NOS,2010/2011,Defender,Naval 1º de Maio,1412,691,721,Brazil,18,9,9,0,0,0,0,0,0,0,0,3,1,2,28,12,16,8,1,0,0,0,0,0,0,1.78,50,78,157,0,0.57,264,182,137,26
Rolando,35,494294400,1985/08/31,Liga NOS,2010/2011,Defender,Porto,2610,1350,1260,Portugal,29,15,14,0,0,0,0,0,0,0,0,18,8,10,16,11,5,4,0,0,0,0,0,0,0,0.55,163,90,653,0,0.14,249,199,10,24
Romain Salin,37,459907200,1984/07/29,Liga NOS,2010/2011,Goalkeeper,Naval 1º de Maio,2430,1260,1170,France,27,14,13,0,0,0,0,0,0,0,0,4,2,2,42,21,21,5,0,0,0,0,0,0,0,1.56,58,90,486,0,0.19,265,174,126,19
Romeu Freitas Torres,34,523756800,1986/08/07,Liga NOS,2010/2011,Forward,Paços de Ferreira,0,0,0,Portugal,1,1,0,0,0,0,0,0,0,0,0,1,1,0,0,0,0,0,0,0,0,0,0,0,0,0,0,0,0,0,0,-1,-1,-1,-1
Romuald Desire Peiser,41,302486400,1979/08/03,Liga NOS,2010/2011,Goalkeeper,Associação Académica de Coimbra OAF,2700,1350,1350,France,30,15,15,0,0,0,0,0,0,0,0,7,5,2,44,14,30,4,0,0,0,0,0,0,0,1.47,61,90,675,0,0.13,301,80,117,17
Ronny Carlos da Silva,38,414979200,1983/02/25,Liga NOS,2010/2011,Forward,SC Beira-Mar,1200,520,680,Brazil,18,8,10,3,0,3,0,0,0,0,0,4,1,3,14,6,8,3,0,0.23,0,0.23,0,0.4,400,1.05,86,67,400,0,0.23,66,131,-1,5
Ruben Alexandre Rocha Lima,31,623376000,1989/10/03,Liga NOS,2010/2011,Defender,SC Beira-Mar,124,77,47,Portugal,6,2,4,0,0,0,0,0,0,0,0,1,0,1,4,2,2,0,0,0,0,0,0,0,0,2.9,31,21,0,0,0,-1,-1,-1,14
Ruben Filipe Marques Amorim,36,475632000,1985/01/27,Liga NOS,2010/2011,Midfielder,Benfica,677,367,310,Portugal,12,6,6,0,0,0,0,0,0,0,0,6,4,2,6,1,5,3,0,0,0,0,0,0,0,0.8,113,56,226,0,0.4,296,46,-1,25
Rúben Luís Maurício Brígido,30,677635200,1991/06/23,Liga NOS,2010/2011,Midfielder,União de Leiria,993,497,496,Portugal,25,14,11,0,0,0,0,0,0,0,0,6,3,3,16,6,10,5,1,0,0,0,0,0,0,1.45,62,40,199,0,0.45,339,170,-1,24
Rúben Micael Freitas da Ressurreição,34,524793600,1986/08/19,Liga NOS,2010/2011,Midfielder,Porto,867,534,333,Portugal,19,12,7,0,0,0,0,0,0,0,0,12,7,5,7,5,2,2,0,0,0,0,0,0,0,0.73,124,46,434,0,0.21,226,147,-1,11
Ruben Miguel Marques dos Santos Fernandes,35,515721600,1986/05/06,Liga NOS,2010/2011,Defender,Portimonense,1728,828,900,Portugal,20,10,10,1,1,0,0,0,0,0,0,3,1,2,28,16,12,3,0,0.05,0,0.05,0.11,0,1728,1.46,62,86,576,0,0.16,173,250,115,10
Rui Manuel Castanheira do Rêgo,41,331603200,1980/07/05,Liga NOS,2010/2011,Goalkeeper,SC Beira-Mar,2700,1350,1350,Portugal,30,15,15,0,0,0,0,0,0,0,0,6,3,3,36,17,19,1,0,0,0,0,0,0,0,1.2,75,90,2700,0,0.03,319,297,81,18
Rui Manuel da Costa Varela,37,429235200,1983/08/09,Liga NOS,2010/2011,Forward,SC Beira-Mar,524,243,281,Portugal,10,4,6,1,1,0,0,0,0,0,0,2,1,1,5,2,3,1,0,0.17,0,0.17,0.37,0,524,0.86,105,52,524,0,0.17,92,280,-1,10
Rui Miguel Melo Rodrigues,37,437702400,1983/11/15,Liga NOS,2010/2011,Midfielder,Vitória Guimarães,1017,547,470,Portugal,21,11,10,3,3,0,0,0,0,0,0,6,5,1,14,1,13,9,0,0.27,0,0.27,0.49,0,339,1.24,73,48,113,0,0.8,49,35,-1,4
Rui Miguel Teixeira Caetano,30,672105600,1991/04/20,Liga NOS,2010/2011,Forward,Paços de Ferreira,643,384,259,Portugal,15,9,6,1,1,0,0,0,0,0,0,5,3,2,11,9,2,2,0,0.14,0,0.14,0.23,0,643,1.54,58,43,322,0,0.28,100,304,-1,12
Rui Orlando Ribeiro Santos Neto,41,309571200,1979/10/24,Liga NOS,2010/2011,Defender,Associação Académica de Coimbra OAF,1160,620,540,Portugal,13,7,6,0,0,0,0,0,0,0,0,1,1,0,22,9,13,2,0,0,0,0,0,0,0,1.71,53,89,580,0,0.16,302,78,135,24
Rui Pedro dos Santos Patrício,33,571881600,1988/02/15,Liga NOS,2010/2011,Goalkeeper,Sporting CP,2700,1350,1350,Portugal,30,15,15,0,0,0,0,0,0,0,0,10,6,4,30,16,14,4,0,0,0,0,0,0,0,1,90,90,675,0,0.13,260,311,60,18
Rui Pedro Viegas Silva Gomes Duarte,42,274752000,1978/09/16,Liga NOS,2010/2011,Midfielder,SC Olhanense,1392,638,754,Portugal,22,11,11,1,1,0,0,0,0,0,0,7,3,4,19,9,10,4,0,0.06,0,0.06,0.14,0,1392,1.23,73,63,348,0,0.26,162,127,-1,13
Saïdou Madi Panandétiguiri,37,448761600,1984/03/22,Liga NOS,2010/2011,Defender,União de Leiria,1113,545,568,Burkina Faso,16,7,9,0,0,0,0,0,0,0,0,3,1,2,19,9,10,7,1,0,0,0,0,0,0,1.54,59,70,159,0,0.57,341,58,122,22
Samuel Elias do Carmo Soares,33,573696000,1988/03/07,Liga NOS,2010/2011,Defender,Paços de Ferreira,892,325,567,Brazil,11,4,7,1,0,1,0,0,0,0,0,3,1,2,12,4,8,3,0,0.1,0,0.1,0,0.16,892,1.21,74,81,297,0,0.3,125,302,82,9
Saulo Rodrigues dos Santos,39,382838400,1982/02/18,Liga NOS,2010/2011,Forward,Rio Ave FC,816,485,331,Brazil,19,11,8,3,1,2,0,0,0,0,0,7,5,2,12,8,4,7,1,0.33,0,0.33,0.19,0.54,272,1.32,68,43,117,0,0.77,33,275,-1,4
Sebastião Marcos Barbosa de Oliveira,45,204163200,1976/06/21,Liga NOS,2010/2011,Goalkeeper,Sporting Braga,0,0,0,Brazil,0,0,0,0,0,0,0,0,0,0,0,0,0,0,0,0,0,0,0,0,0,0,0,0,0,0,0,0,0,0,0,-1,-1,-1,-1
Selim Benachour,39,368755200,1981/09/08,Liga NOS,2010/2011,Midfielder,CS Marítimo,731,402,329,Tunisia,11,6,5,2,2,0,0,0,0,0,0,4,3,1,6,3,3,1,0,0.25,0,0.25,0.45,0,366,0.74,122,66,731,0,0.12,57,123,-1,5
Serge Charles N'Gal,35,505958400,1986/01/13,Liga NOS,2010/2011,Forward,União de Leiria,1277,668,609,Cameroon,17,8,9,2,2,0,0,0,0,0,0,4,2,2,19,9,10,5,0,0.14,0,0.14,0.27,0,639,1.34,67,75,255,0,0.35,101,161,-1,4
Sérgio Gabriel da Silva Andrade,38,407980800,1982/12/06,Liga NOS,2010/2011,Goalkeeper,Vitória Guimarães,0,0,0,Portugal,0,0,0,0,0,0,0,0,0,0,0,0,0,0,0,0,0,0,0,0,0,0,0,0,0,0,0,0,0,0,0,-1,-1,-1,-1
Sérgio Miguel Relvas de Oliveira,29,707443200,1992/06/02,Liga NOS,2010/2011,Midfielder,SC Beira-Mar,141,97,44,Portugal,6,3,3,0,0,0,0,0,0,0,0,0,0,0,4,2,2,0,0,0,0,0,0,0,0,2.55,35,24,0,0,0,-1,-1,-1,17
Sérgio Romeu Marakis,29,689817600,1991/11/11,Liga NOS,2010/2011,Midfielder,CS Marítimo,60,60,0,South Africa,1,1,0,0,0,0,0,0,0,0,0,0,0,0,1,1,0,0,0,0,0,0,0,0,0,1.5,60,60,0,0,0,-1,-1,-1,29
Sidnei,31,619833600,1989/08/23,Liga NOS,2010/2011,Defender,Benfica,1193,652,541,Brazil,16,9,7,3,3,0,0,0,0,0,0,5,3,2,17,9,8,2,1,0.23,0,0.23,0.41,0,398,1.28,70,75,597,0,0.15,60,44,97,9
Sidnei dos Reis Mariano,35,509500800,1986/02/23,Liga NOS,2010/2011,Midfielder,CS Marítimo,959,506,453,Cape Verde,15,8,7,1,0,1,0,0,0,0,0,4,3,1,13,6,7,1,0,0.09,0,0.09,0,0.2,959,1.22,74,64,959,0,0.09,139,91,-1,7
Sidnei Sciola Moraes,34,531273600,1986/11/02,Liga NOS,2010/2011,Forward,Rio Ave FC,90,39,51,Brazil,9,4,5,0,0,0,0,0,0,0,0,5,3,2,0,0,0,1,1,0,0,0,0,0,0,0,0,10,45,0,2,-1,-1,-1,16
Silvestre Manuel Gonçalves Varela,36,476150400,1985/02/02,Liga NOS,2010/2011,Forward,Porto,1770,933,837,Portugal,26,13,13,10,6,4,0,0,0,0,0,17,7,10,6,4,2,1,0,0.51,0,0.51,0.58,0.43,177,0.31,295,68,1770,0,0.05,13,215,-1,3
Sílvio Manuel Azevedo Ferreira Sá Pereira,33,559785600,1987/09/28,Liga NOS,2010/2011,Defender,Sporting Braga,1800,900,900,Portugal,20,10,10,1,1,0,0,0,0,0,0,6,4,2,20,7,13,9,0,0.05,0,0.05,0.1,0,1800,1,90,90,200,0,0.45,174,220,56,17
Simon Vukčević,35,507340800,1986/01/29,Liga NOS,2010/2011,Midfielder,Sporting CP,1417,687,730,Montenegro,24,12,12,2,1,1,0,0,0,0,0,6,4,2,18,11,7,4,0,0.13,0,0.13,0.13,0.12,709,1.14,79,59,354,0,0.25,104,332,-1,6
Thiago Gentil,41,324000000,1980/04/08,Liga NOS,2010/2011,Midfielder,CD Nacional,526,229,297,Brazil,10,5,5,0,0,0,0,0,0,0,0,3,2,1,6,1,5,0,0,0,0,0,0,0,0,1.03,88,53,0,0,0,326,262,-1,25
Tiago Alexandre Baptista Ferreira,46,166838400,1975/04/16,Liga NOS,2010/2011,Goalkeeper,Sporting CP,0,0,0,Portugal,0,0,0,0,0,0,0,0,0,0,0,0,0,0,0,0,0,0,0,0,0,0,0,0,0,0,0,0,0,0,0,-1,-1,-1,-1
Tiago André Sá Barros,33,575942400,1988/04/02,Liga NOS,2010/2011,Midfielder,SC Beira-Mar,0,0,0,Portugal,0,0,0,0,0,0,0,0,0,0,0,0,0,0,0,0,0,0,0,0,0,0,0,0,0,0,0,0,0,0,0,-1,-1,-1,-1
Tiago João Targino da Silva,35,518400000,1986/06/06,Liga NOS,2010/2011,Forward,Vitória Guimarães,714,315,399,Portugal,13,6,7,3,0,3,0,0,0,0,0,3,2,1,8,2,6,1,0,0.38,0,0.38,0,0.68,238,1.01,89,55,714,0,0.13,26,94,-1,5
Tiago Miguel Baia Pinto,33,570672000,1988/02/01,Liga NOS,2010/2011,Defender,Rio Ave FC,1756,805,951,Portugal,22,9,13,0,0,0,0,0,0,0,0,8,4,4,19,7,12,5,0,0,0,0,0,0,0,0.97,92,80,351,0,0.26,323,271,49,18
Tiago Miguel Luis Rosa,35,510451200,1986/03/06,Liga NOS,2010/2011,Defender,Naval 1º de Maio,180,90,90,Portugal,2,1,1,0,0,0,0,0,0,0,0,0,0,0,3,3,0,1,0,0,0,0,0,0,0,1.5,60,90,180,0,0.5,-1,-1,-1,17
Tiago Rafael Freitas Costa,30,664934400,1991/01/27,Liga NOS,2010/2011,Forward,Vitória Guimarães,90,16,74,Portugal,3,1,2,0,0,0,0,0,0,0,0,0,0,0,1,0,1,2,0,0,0,0,0,0,0,1,90,30,45,0,2,-1,-1,-1,18
Timo Hildebrand,42,292118400,1979/04/05,Liga NOS,2010/2011,Goalkeeper,Sporting CP,0,0,0,Germany,0,0,0,0,0,0,0,0,0,0,0,0,0,0,0,0,0,0,0,0,0,0,0,0,0,0,0,0,0,0,0,-1,-1,-1,-1
Uedson Ney dos Santos,40,351734400,1981/02/23,Liga NOS,2010/2011,Defender,Vitória Setúbal,1826,1029,797,Brazil,23,13,10,1,0,1,0,0,0,0,0,7,4,3,26,15,11,15,2,0.05,0,0.05,0,0.11,1826,1.28,70,79,122,0,0.74,172,190,95,13
Ulick Lupéde,37,454896000,1984/06/01,Liga NOS,2010/2011,Defender,Naval 1º de Maio,285,180,105,Guadeloupe,4,2,2,0,0,0,0,0,0,0,0,1,0,1,4,4,0,3,1,0,0,0,0,0,0,1.26,71,71,71,0,1.26,243,192,92,25
Valdecir de Souza Júnior,34,545961600,1987/04/21,Liga NOS,2010/2011,Midfielder,CS Marítimo,849,551,298,Brazil,19,12,7,2,1,1,0,0,0,2,0,5,4,1,9,5,4,3,0,0.21,0,0.21,0.16,0.3,425,0.95,94,45,283,0,0.32,74,238,-1,6
Valdomiro Duarte de Macedo,41,313286400,1979/12/06,Liga NOS,2010/2011,Defender,Vitória Setúbal,1749,910,839,Brazil,21,11,10,1,1,0,0,0,0,0,0,4,2,2,30,17,13,7,1,0.05,0,0.05,0.1,0,1749,1.54,58,83,219,0,0.41,178,5,124,10
Valentin Roberge,34,550195200,1987/06/09,Liga NOS,2010/2011,Defender,CS Marítimo,2118,1080,1038,France,25,12,13,1,1,0,0,0,0,0,0,8,5,3,21,9,12,8,0,0.04,0,0.04,0.08,0,2118,0.89,101,85,265,0,0.34,183,139,32,8
Vanderson Válter de Almeida,43,253670400,1978/01/15,Liga NOS,2010/2011,Midfielder,Sporting Braga,1812,895,917,Brazil,23,12,11,0,0,0,0,0,0,0,0,5,4,1,24,9,15,8,0,0,0,0,0,0,0,1.19,76,79,227,0,0.4,270,230,-1,26
Victorio Maximiliano Pereira Páez,37,455500800,1984/06/08,Liga NOS,2010/2011,Defender,Benfica,2044,988,1056,Uruguay,26,12,14,0,0,0,0,0,0,0,0,12,6,6,20,9,11,11,0,0,0,0,0,0,0,0.88,102,79,186,0,0.48,294,51,31,27
Vinicius Oliveira Franco,35,516585600,1986/05/16,Liga NOS,2010/2011,Midfielder,Sporting Braga,1050,558,492,Brazil,15,8,7,0,0,0,0,0,0,0,0,5,3,2,7,3,4,4,0,0,0,0,0,0,0,0.6,150,70,263,0,0.34,309,16,-1,21
Vitor Hugo Gomes da Silva,33,567388800,1987/12/25,Liga NOS,2010/2011,Midfielder,Rio Ave FC,1069,476,593,Portugal,18,9,9,0,0,0,0,0,0,0,0,7,5,2,8,3,5,4,1,0,0,0,0,0,0,0.67,134,59,267,0,0.34,321,279,-1,22
Vítor Manuel Andrade Gomes Costa,44,235180800,1977/06/15,Liga NOS,2010/2011,Forward,SC Olhanense,579,319,260,Cape Verde,16,8,8,1,0,1,0,0,0,0,0,6,5,1,7,3,4,0,0,0.16,0,0.16,0,0.35,579,1.09,83,36,0,0,0,93,12,-1,8
Vjatseslav Zahovaiko,39,378432000,1981/12/29,Liga NOS,2010/2011,Forward,União de Leiria,204,131,73,Estonia,7,4,3,0,0,0,0,0,0,0,0,1,1,0,3,2,1,1,0,0,0,0,0,0,0,1.32,68,29,204,0,0.44,-1,-1,-1,19
Walter Henrique Da Silva,32,617068800,1989/07/22,Liga NOS,2010/2011,Forward,Porto,370,139,231,Brazil,13,8,5,5,2,3,0,0,0,0,0,9,5,4,3,2,1,2,0,1.22,0,1.22,1.29,1.17,74,0.73,123,28,185,0,0.49,1,145,-1,6
Wanderson de Sousa Carneiro,34,541036800,1987/02/23,Liga NOS,2010/2011,Defender,Paços de Ferreira,2514,1260,1254,Brazil,28,14,14,2,2,0,0,0,0,0,0,9,5,4,34,17,17,7,1,0.07,0,0.07,0.14,0,1257,1.22,74,90,359,0,0.25,151,312,83,5
Weldon Santos de Andrade,40,334368000,1980/08/06,Liga NOS,2010/2011,Forward,Benfica,31,7,24,Brazil,4,2,2,0,0,0,0,0,0,0,0,1,1,0,1,0,1,0,0,0,0,0,0,0,0,2.9,31,8,0,0,0,-1,-1,-1,24
Weliander Silva Nascimento,36,460598400,1984/08/06,Liga NOS,2010/2011,Midfielder,Vitória Setúbal,1725,925,800,Brazil,22,11,11,0,0,0,0,0,0,0,0,6,3,3,25,13,12,7,0,0,0,0,0,0,0,1.3,69,78,246,0,0.37,286,183,-1,22
William Artur Conceição dos Santos,39,396576000,1982/07/27,Liga NOS,2010/2011,Forward,Vitória Setúbal,466,225,241,Brazil,12,5,7,2,1,1,0,0,0,0,0,1,0,1,4,2,2,0,0,0.39,0,0.39,0.4,0.37,233,0.77,117,39,0,0,0,23,92,-1,4
William Kwabena Tiero,40,344649600,1980/12/03,Liga NOS,2010/2011,Midfielder,SC Olhanense,147,101,46,Ghana,4,2,2,0,0,0,0,0,0,0,0,1,0,1,4,2,2,1,0,0,0,0,0,0,0,2.45,37,37,147,0,0.61,-1,-1,-1,14
William Silva de Carvalho,29,702604800,1992/04/07,Liga NOS,2010/2011,Midfielder,Sporting CP,0,0,0,Portugal,1,0,1,0,0,0,0,0,0,0,0,0,0,0,0,0,0,0,0,0,0,0,0,0,0,0,0,0,0,0,0,-1,-1,-1,-1
Willian Soares Da Silva,32,599443200,1988/12/30,Liga NOS,2010/2011,Midfielder,Portimonense,1345,470,875,Brazil,21,8,13,0,0,0,0,0,0,0,0,3,1,2,24,9,15,5,0,0,0,0,0,0,0,1.61,56,64,269,0,0.33,210,159,-1,23
Wilson Bruno Naval Eduardo,31,647395200,1990/07/08,Liga NOS,2010/2011,Forward,SC Beira-Mar,1287,640,647,Portugal,27,14,13,4,4,0,0,0,0,0,0,6,3,3,18,10,8,2,0,0.28,0,0.28,0.56,0,322,1.26,72,48,644,0,0.14,46,286,-1,2
Wires José de Souza,38,410054400,1982/12/30,Liga NOS,2010/2011,Midfielder,Rio Ave FC,2157,943,1214,Brazil,25,11,14,0,0,0,0,0,0,0,0,9,6,3,26,8,18,7,0,0,0,0,0,0,0,1.08,83,86,308,0,0.29,222,169,-1,15
Yannick dos Santos Djaló,35,515635200,1986/05/05,Liga NOS,2010/2011,Forward,Sporting CP,1417,704,713,Portugal,21,10,11,6,2,4,0,0,0,0,0,8,5,3,10,3,7,4,0,0.38,0,0.38,0.26,0.5,236,0.64,142,67,354,0,0.25,25,323,-1,1
Yazalde Gomes Pinto,32,590803200,1988/09/21,Liga NOS,2010/2011,Forward,Rio Ave FC,2038,1016,1022,Portugal,28,14,14,6,3,3,0,0,0,0,0,11,7,4,16,7,9,1,0,0.26,0,0.26,0.27,0.26,340,0.71,127,73,2038,0,0.04,55,273,-1,2
Yohan Tavares,33,573264000,1988/03/02,Liga NOS,2010/2011,Defender,SC Beira-Mar,1506,687,819,Portugal,21,10,11,1,1,0,0,0,0,0,0,4,3,1,21,6,15,5,1,0.06,0,0.06,0.13,0,1506,1.25,72,72,301,0,0.3,160,294,87,12
Žarko Tomašević,31,635644800,1990/02/22,Liga NOS,2010/2011,Defender,CD Nacional,428,161,267,Montenegro,9,3,6,0,0,0,0,0,0,0,0,3,1,2,9,1,8,3,0,0,0,0,0,0,0,1.89,48,48,143,0,0.63,329,298,141,21
